Order ID,Purchase Date,Customer ID,Customer Type,Store Location,Product ID,Quantity,Unit Price,Total Price,Discount Applied (%),Discount Amount,Final Price
ORD1000,1/2/2023,CUST1011,Occasional,Frankfurt,PROD15,2,46.95,93.9,0,0,93.9
ORD1001,1/2/2023,CUST1044,Occasional,Berlin,PROD15,5,46.95,234.75,0,0,234.75
ORD1002,1/3/2023,CUST1080,Occasional,Cologne,PROD12,5,29.99,149.95,0,0,149.95
ORD1003,1/4/2023,CUST1050,Occasional,Hamburg,PROD18,1,297.95,297.95,0,0,297.95
ORD1004,1/5/2023,CUST1073,Occasional,Hamburg,PROD18,5,297.95,1489.75,0,0,1489.75
ORD1005,1/6/2023,CUST1000,Occasional,Cologne,PROD15,3,46.95,140.85,0,0,140.85
ORD1006,1/6/2023,CUST1045,Occasional,Berlin,PROD3,3,324.95,974.85,0,0,974.85
ORD1007,1/6/2023,CUST1075,Loyal,Cologne,PROD11,5,155.95,779.75,10,77.98,701.77
ORD1008,1/7/2023,CUST1019,Loyal,Munich,PROD10,2,71.99,143.98,0,0,143.98
ORD1009,1/7/2023,CUST1061,Loyal,Cologne,PROD7,4,21.95,87.8,10,8.78,79.02
ORD1010,1/8/2023,CUST1021,Occasional,Hamburg,PROD5,1,229.95,229.95,0,0,229.95
ORD1011,1/9/2023,CUST1043,Occasional,Hamburg,PROD6,1,56.99,56.99,0,0,56.99
ORD1012,1/10/2023,CUST1033,Occasional,Munich,PROD11,2,155.95,311.9,0,0,311.9
ORD1013,1/11/2023,CUST1018,Occasional,Munich,PROD4,4,137.95,551.8,0,0,551.8
ORD1014,1/12/2023,CUST1090,Occasional,Munich,PROD16,5,116.99,584.95,0,0,584.95
ORD1015,1/12/2023,CUST1049,Occasional,Cologne,PROD1,5,1164.99,5824.95,0,0,5824.95
ORD1016,1/13/2023,CUST1097,Occasional,Berlin,PROD11,1,155.95,155.95,0,0,155.95
ORD1017,1/13/2023,CUST1085,Loyal,Hamburg,PROD7,3,21.95,65.85,5,3.29,62.56
ORD1018,1/13/2023,CUST1089,Occasional,Cologne,PROD3,1,324.95,324.95,0,0,324.95
ORD1019,1/13/2023,CUST1002,Occasional,Frankfurt,PROD3,4,324.95,1299.8,0,0,1299.8
ORD1020,1/14/2023,CUST1029,Occasional,Berlin,PROD5,5,229.95,1149.75,0,0,1149.75
ORD1021,1/15/2023,CUST1069,Occasional,Frankfurt,PROD3,3,324.95,974.85,0,0,974.85
ORD1022,1/15/2023,CUST1037,Occasional,Cologne,PROD16,1,116.99,116.99,0,0,116.99
ORD1023,1/15/2023,CUST1087,Occasional,Cologne,PROD5,5,229.95,1149.75,0,0,1149.75
ORD1024,1/16/2023,CUST1074,Occasional,Hamburg,PROD13,1,39.99,39.99,0,0,39.99
ORD1025,1/17/2023,CUST1028,Occasional,Cologne,PROD3,4,324.95,1299.8,0,0,1299.8
ORD1026,1/18/2023,CUST1068,Occasional,Berlin,PROD1,5,1164.99,5824.95,0,0,5824.95
ORD1027,1/19/2023,CUST1038,Occasional,Hamburg,PROD10,5,71.99,359.95,0,0,359.95
ORD1028,1/19/2023,CUST1013,Occasional,Frankfurt,PROD15,4,46.95,187.8,0,0,187.8
ORD1029,1/19/2023,CUST1058,Occasional,Munich,PROD9,5,20.99,104.95,0,0,104.95
ORD1030,1/19/2023,CUST1070,Occasional,Cologne,PROD18,1,297.95,297.95,0,0,297.95
ORD1031,1/20/2023,CUST1028,Loyal,Munich,PROD9,3,20.99,62.97,0,0,62.97
ORD1032,1/20/2023,CUST1008,Occasional,Cologne,PROD10,4,71.99,287.96,0,0,287.96
ORD1033,1/21/2023,CUST1061,Occasional,Berlin,PROD7,3,21.95,65.85,0,0,65.85
ORD1034,1/21/2023,CUST1017,Occasional,Cologne,PROD16,4,116.99,467.96,0,0,467.96
ORD1035,1/22/2023,CUST1034,Occasional,Berlin,PROD1,1,1164.99,1164.99,0,0,1164.99
ORD1036,1/22/2023,CUST1009,Occasional,Frankfurt,PROD16,4,116.99,467.96,0,0,467.96
ORD1037,1/22/2023,CUST1017,Occasional,Frankfurt,PROD2,4,699.95,2799.8,0,0,2799.8
ORD1038,1/23/2023,CUST1091,Loyal,Cologne,PROD9,3,20.99,62.97,0,0,62.97
ORD1039,1/23/2023,CUST1049,Loyal,Munich,PROD11,2,155.95,311.9,10,31.19,280.71
ORD1040,1/24/2023,CUST1049,Loyal,Munich,PROD2,2,699.95,1399.9,10,139.99,1259.91
ORD1041,1/25/2023,CUST1089,Occasional,Munich,PROD9,4,20.99,83.96,0,0,83.96
ORD1042,1/25/2023,CUST1010,Occasional,Berlin,PROD18,1,297.95,297.95,0,0,297.95
ORD1043,1/26/2023,CUST1031,Occasional,Munich,PROD2,3,699.95,2099.85,0,0,2099.85
ORD1044,1/26/2023,CUST1071,Occasional,Frankfurt,PROD5,5,229.95,1149.75,0,0,1149.75
ORD1045,1/27/2023,CUST1032,Loyal,Berlin,PROD18,2,297.95,595.9,0,0,595.9
ORD1046,1/27/2023,CUST1089,Occasional,Frankfurt,PROD7,2,21.95,43.9,0,0,43.9
ORD1047,1/28/2023,CUST1095,Occasional,Munich,PROD12,3,29.99,89.97,0,0,89.97
ORD1048,1/29/2023,CUST1020,Occasional,Munich,PROD10,3,71.99,215.97,0,0,215.97
ORD1049,1/29/2023,CUST1069,Occasional,Hamburg,PROD12,2,29.99,59.98,0,0,59.98
ORD1050,1/30/2023,CUST1022,Occasional,Frankfurt,PROD2,4,699.95,2799.8,0,0,2799.8
ORD1051,1/31/2023,CUST1075,Occasional,Cologne,PROD1,4,1164.99,4659.96,0,0,4659.96
ORD1052,2/1/2023,CUST1044,Loyal,Hamburg,PROD9,1,20.99,20.99,15,3.15,17.84
ORD1053,2/2/2023,CUST1034,Occasional,Berlin,PROD9,3,20.99,62.97,0,0,62.97
ORD1054,2/3/2023,CUST1040,Occasional,Berlin,PROD6,3,56.99,170.97,0,0,170.97
ORD1055,2/4/2023,CUST1079,Occasional,Frankfurt,PROD6,5,56.99,284.95,0,0,284.95
ORD1056,2/4/2023,CUST1037,Loyal,Hamburg,PROD12,5,29.99,149.95,10,15,134.95
ORD1057,2/5/2023,CUST1022,Loyal,Cologne,PROD14,3,13.99,41.97,5,2.1,39.87
ORD1058,2/5/2023,CUST1068,Occasional,Berlin,PROD16,1,116.99,116.99,0,0,116.99
ORD1059,2/5/2023,CUST1049,Occasional,Munich,PROD14,3,13.99,41.97,0,0,41.97
ORD1060,2/5/2023,CUST1070,Occasional,Hamburg,PROD10,1,71.99,71.99,0,0,71.99
ORD1061,2/5/2023,CUST1046,Occasional,Berlin,PROD16,3,116.99,350.97,0,0,350.97
ORD1062,2/5/2023,CUST1019,Occasional,Cologne,PROD6,5,56.99,284.95,0,0,284.95
ORD1063,2/5/2023,CUST1040,Occasional,Hamburg,PROD1,4,1164.99,4659.96,0,0,4659.96
ORD1064,2/6/2023,CUST1031,Occasional,Munich,PROD12,5,29.99,149.95,0,0,149.95
ORD1065,2/6/2023,CUST1020,Occasional,Cologne,PROD14,3,13.99,41.97,0,0,41.97
ORD1066,2/6/2023,CUST1090,Occasional,Cologne,PROD15,3,46.95,140.85,0,0,140.85
ORD1067,2/7/2023,CUST1068,Occasional,Frankfurt,PROD13,2,39.99,79.98,0,0,79.98
ORD1068,2/8/2023,CUST1016,Occasional,Hamburg,PROD3,4,324.95,1299.8,0,0,1299.8
ORD1069,2/9/2023,CUST1022,Occasional,Munich,PROD3,2,324.95,649.9,0,0,649.9
ORD1070,2/10/2023,CUST1016,Occasional,Frankfurt,PROD2,2,699.95,1399.9,0,0,1399.9
ORD1071,2/11/2023,CUST1060,Occasional,Cologne,PROD4,2,137.95,275.9,0,0,275.9
ORD1072,2/11/2023,CUST1023,Occasional,Munich,PROD12,4,29.99,119.96,0,0,119.96
ORD1073,2/12/2023,CUST1001,Occasional,Munich,PROD18,4,297.95,1191.8,0,0,1191.8
ORD1074,2/12/2023,CUST1046,Occasional,Cologne,PROD11,2,155.95,311.9,0,0,311.9
ORD1075,2/13/2023,CUST1099,Occasional,Frankfurt,PROD13,3,39.99,119.97,0,0,119.97
ORD1076,2/14/2023,CUST1075,Occasional,Munich,PROD5,3,229.95,689.85,0,0,689.85
ORD1077,2/14/2023,CUST1037,Loyal,Munich,PROD15,4,46.95,187.8,0,0,187.8
ORD1078,2/15/2023,CUST1027,Occasional,Frankfurt,PROD15,1,46.95,46.95,0,0,46.95
ORD1079,2/16/2023,CUST1009,Loyal,Munich,PROD16,4,116.99,467.96,0,0,467.96
ORD1080,2/17/2023,CUST1088,Occasional,Hamburg,PROD16,5,116.99,584.95,0,0,584.95
ORD1081,2/17/2023,CUST1048,Occasional,Munich,PROD12,4,29.99,119.96,0,0,119.96
ORD1082,2/17/2023,CUST1000,Occasional,Cologne,PROD3,4,324.95,1299.8,0,0,1299.8
ORD1083,2/17/2023,CUST1075,Occasional,Cologne,PROD17,5,203.95,1019.75,0,0,1019.75
ORD1084,2/17/2023,CUST1013,Occasional,Cologne,PROD17,5,203.95,1019.75,0,0,1019.75
ORD1085,2/17/2023,CUST1074,Occasional,Munich,PROD1,4,1164.99,4659.96,0,0,4659.96
ORD1086,2/17/2023,CUST1032,Occasional,Hamburg,PROD10,1,71.99,71.99,0,0,71.99
ORD1087,2/18/2023,CUST1090,Occasional,Berlin,PROD5,4,229.95,919.8,0,0,919.8
ORD1088,2/18/2023,CUST1033,Occasional,Munich,PROD1,4,1164.99,4659.96,0,0,4659.96
ORD1089,2/19/2023,CUST1062,Occasional,Cologne,PROD4,2,137.95,275.9,0,0,275.9
ORD1090,2/19/2023,CUST1058,Occasional,Cologne,PROD9,2,20.99,41.98,0,0,41.98
ORD1091,2/19/2023,CUST1050,Loyal,Frankfurt,PROD16,3,116.99,350.97,0,0,350.97
ORD1092,2/19/2023,CUST1001,Occasional,Cologne,PROD2,1,699.95,699.95,0,0,699.95
ORD1093,2/19/2023,CUST1065,Occasional,Cologne,PROD17,2,203.95,407.9,0,0,407.9
ORD1094,2/20/2023,CUST1064,Occasional,Cologne,PROD9,3,20.99,62.97,0,0,62.97
ORD1095,2/21/2023,CUST1030,Loyal,Cologne,PROD10,3,71.99,215.97,5,10.8,205.17
ORD1096,2/21/2023,CUST1023,Loyal,Cologne,PROD16,1,116.99,116.99,15,17.55,99.44
ORD1097,2/21/2023,CUST1058,Occasional,Munich,PROD8,3,125.95,377.85,0,0,377.85
ORD1098,2/21/2023,CUST1020,Occasional,Frankfurt,PROD10,1,71.99,71.99,0,0,71.99
ORD1099,2/22/2023,CUST1027,Occasional,Frankfurt,PROD4,1,137.95,137.95,0,0,137.95
ORD1100,2/22/2023,CUST1091,Occasional,Munich,PROD3,2,324.95,649.9,0,0,649.9
ORD1101,2/23/2023,CUST1060,Loyal,Cologne,PROD8,3,125.95,377.85,15,56.68,321.17
ORD1102,2/23/2023,CUST1081,Occasional,Munich,PROD8,5,125.95,629.75,0,0,629.75
ORD1103,2/24/2023,CUST1035,Occasional,Berlin,PROD1,3,1164.99,3494.97,0,0,3494.97
ORD1104,2/25/2023,CUST1024,Occasional,Hamburg,PROD17,3,203.95,611.85,0,0,611.85
ORD1105,2/26/2023,CUST1066,Occasional,Munich,PROD17,4,203.95,815.8,0,0,815.8
ORD1106,2/27/2023,CUST1036,Occasional,Munich,PROD13,1,39.99,39.99,0,0,39.99
ORD1107,2/28/2023,CUST1038,Occasional,Berlin,PROD1,4,1164.99,4659.96,0,0,4659.96
ORD1108,3/1/2023,CUST1075,Occasional,Hamburg,PROD11,2,155.95,311.9,0,0,311.9
ORD1109,3/1/2023,CUST1002,Occasional,Berlin,PROD8,4,125.95,503.8,0,0,503.8
ORD1110,3/2/2023,CUST1024,Occasional,Frankfurt,PROD9,5,20.99,104.95,0,0,104.95
ORD1111,3/2/2023,CUST1031,Loyal,Cologne,PROD7,2,21.95,43.9,15,6.58,37.32
ORD1112,3/3/2023,CUST1098,Loyal,Hamburg,PROD15,1,46.95,46.95,10,4.7,42.25
ORD1113,3/4/2023,CUST1028,Occasional,Berlin,PROD10,2,71.99,143.98,0,0,143.98
ORD1114,3/4/2023,CUST1091,Occasional,Cologne,PROD17,4,203.95,815.8,0,0,815.8
ORD1115,3/5/2023,CUST1052,Occasional,Frankfurt,PROD2,4,699.95,2799.8,0,0,2799.8
ORD1116,3/5/2023,CUST1035,Occasional,Cologne,PROD14,2,13.99,27.98,0,0,27.98
ORD1117,3/6/2023,CUST1049,Occasional,Hamburg,PROD5,1,229.95,229.95,0,0,229.95
ORD1118,3/7/2023,CUST1014,Occasional,Munich,PROD1,5,1164.99,5824.95,0,0,5824.95
ORD1119,3/7/2023,CUST1046,Occasional,Cologne,PROD8,1,125.95,125.95,0,0,125.95
ORD1120,3/8/2023,CUST1045,Loyal,Cologne,PROD15,2,46.95,93.9,10,9.39,84.51
ORD1121,3/8/2023,CUST1016,Occasional,Berlin,PROD13,2,39.99,79.98,0,0,79.98
ORD1122,3/8/2023,CUST1097,Loyal,Frankfurt,PROD18,5,297.95,1489.75,0,0,1489.75
ORD1123,3/9/2023,CUST1001,Occasional,Cologne,PROD11,3,155.95,467.85,0,0,467.85
ORD1124,3/9/2023,CUST1014,Loyal,Munich,PROD17,1,203.95,203.95,0,0,203.95
ORD1125,3/10/2023,CUST1021,Occasional,Munich,PROD9,3,20.99,62.97,0,0,62.97
ORD1126,3/10/2023,CUST1031,Occasional,Cologne,PROD13,3,39.99,119.97,0,0,119.97
ORD1127,3/10/2023,CUST1050,Occasional,Cologne,PROD16,3,116.99,350.97,0,0,350.97
ORD1128,3/10/2023,CUST1036,Occasional,Munich,PROD4,3,137.95,413.85,0,0,413.85
ORD1129,3/11/2023,CUST1041,Loyal,Hamburg,PROD11,2,155.95,311.9,0,0,311.9
ORD1130,3/11/2023,CUST1056,Occasional,Cologne,PROD12,4,29.99,119.96,0,0,119.96
ORD1131,3/12/2023,CUST1061,Occasional,Munich,PROD3,2,324.95,649.9,0,0,649.9
ORD1132,3/12/2023,CUST1081,Occasional,Frankfurt,PROD17,1,203.95,203.95,0,0,203.95
ORD1133,3/13/2023,CUST1067,Occasional,Frankfurt,PROD12,5,29.99,149.95,0,0,149.95
ORD1134,3/13/2023,CUST1063,Loyal,Berlin,PROD17,1,203.95,203.95,10,20.4,183.55
ORD1135,3/14/2023,CUST1043,Occasional,Cologne,PROD9,3,20.99,62.97,0,0,62.97
ORD1136,3/14/2023,CUST1078,Occasional,Frankfurt,PROD8,5,125.95,629.75,0,0,629.75
ORD1137,3/15/2023,CUST1018,Occasional,Frankfurt,PROD9,4,20.99,83.96,0,0,83.96
ORD1138,3/15/2023,CUST1099,Occasional,Cologne,PROD5,5,229.95,1149.75,0,0,1149.75
ORD1139,3/15/2023,CUST1065,Occasional,Hamburg,PROD18,1,297.95,297.95,0,0,297.95
ORD1140,3/16/2023,CUST1051,Loyal,Cologne,PROD5,1,229.95,229.95,15,34.49,195.46
ORD1141,3/16/2023,CUST1056,Occasional,Cologne,PROD1,3,1164.99,3494.97,0,0,3494.97
ORD1142,3/17/2023,CUST1090,Loyal,Frankfurt,PROD13,5,39.99,199.95,5,10,189.95
ORD1143,3/17/2023,CUST1085,Occasional,Cologne,PROD15,3,46.95,140.85,0,0,140.85
ORD1144,3/17/2023,CUST1058,Occasional,Hamburg,PROD16,5,116.99,584.95,0,0,584.95
ORD1145,3/17/2023,CUST1043,Occasional,Munich,PROD14,4,13.99,55.96,0,0,55.96
ORD1146,3/17/2023,CUST1065,Occasional,Cologne,PROD8,5,125.95,629.75,0,0,629.75
ORD1147,3/17/2023,CUST1020,Occasional,Munich,PROD6,4,56.99,227.96,0,0,227.96
ORD1148,3/17/2023,CUST1092,Occasional,Berlin,PROD5,1,229.95,229.95,0,0,229.95
ORD1149,3/18/2023,CUST1067,Occasional,Frankfurt,PROD14,2,13.99,27.98,0,0,27.98
ORD1150,3/18/2023,CUST1096,Occasional,Frankfurt,PROD11,4,155.95,623.8,0,0,623.8
ORD1151,3/18/2023,CUST1071,Occasional,Frankfurt,PROD7,2,21.95,43.9,0,0,43.9
ORD1152,3/18/2023,CUST1093,Occasional,Hamburg,PROD16,3,116.99,350.97,0,0,350.97
ORD1153,3/19/2023,CUST1070,Occasional,Berlin,PROD11,2,155.95,311.9,0,0,311.9
ORD1154,3/19/2023,CUST1039,Occasional,Hamburg,PROD2,1,699.95,699.95,0,0,699.95
ORD1155,3/20/2023,CUST1044,Loyal,Frankfurt,PROD3,5,324.95,1624.75,10,162.48,1462.27
ORD1156,3/21/2023,CUST1087,Occasional,Berlin,PROD17,5,203.95,1019.75,0,0,1019.75
ORD1157,3/21/2023,CUST1042,Occasional,Berlin,PROD12,5,29.99,149.95,0,0,149.95
ORD1158,3/21/2023,CUST1023,Occasional,Hamburg,PROD12,5,29.99,149.95,0,0,149.95
ORD1159,3/22/2023,CUST1085,Occasional,Frankfurt,PROD14,5,13.99,69.95,0,0,69.95
ORD1160,3/22/2023,CUST1071,Loyal,Berlin,PROD16,1,116.99,116.99,15,17.55,99.44
ORD1161,3/22/2023,CUST1022,Occasional,Cologne,PROD12,4,29.99,119.96,0,0,119.96
ORD1162,3/22/2023,CUST1013,Loyal,Hamburg,PROD14,3,13.99,41.97,0,0,41.97
ORD1163,3/22/2023,CUST1048,Loyal,Cologne,PROD18,2,297.95,595.9,15,89.38,506.52
ORD1164,3/23/2023,CUST1060,Occasional,Hamburg,PROD11,5,155.95,779.75,0,0,779.75
ORD1165,3/24/2023,CUST1077,Loyal,Berlin,PROD2,5,699.95,3499.75,0,0,3499.75
ORD1166,3/25/2023,CUST1088,Loyal,Berlin,PROD13,4,39.99,159.96,15,23.99,135.97
ORD1167,3/25/2023,CUST1089,Loyal,Cologne,PROD6,3,56.99,170.97,15,25.65,145.32
ORD1168,3/26/2023,CUST1034,Loyal,Frankfurt,PROD18,1,297.95,297.95,0,0,297.95
ORD1169,3/27/2023,CUST1075,Occasional,Munich,PROD18,5,297.95,1489.75,0,0,1489.75
ORD1170,3/27/2023,CUST1083,Occasional,Hamburg,PROD17,3,203.95,611.85,0,0,611.85
ORD1171,3/27/2023,CUST1088,Occasional,Hamburg,PROD8,4,125.95,503.8,0,0,503.8
ORD1172,3/27/2023,CUST1044,Occasional,Frankfurt,PROD5,3,229.95,689.85,0,0,689.85
ORD1173,3/28/2023,CUST1013,Occasional,Frankfurt,PROD10,2,71.99,143.98,0,0,143.98
ORD1174,3/29/2023,CUST1074,Occasional,Berlin,PROD16,2,116.99,233.98,0,0,233.98
ORD1175,3/30/2023,CUST1048,Occasional,Munich,PROD5,1,229.95,229.95,0,0,229.95
ORD1176,3/30/2023,CUST1063,Occasional,Berlin,PROD16,4,116.99,467.96,0,0,467.96
ORD1177,3/31/2023,CUST1090,Occasional,Berlin,PROD1,4,1164.99,4659.96,0,0,4659.96
ORD1178,4/1/2023,CUST1048,Loyal,Berlin,PROD6,3,56.99,170.97,15,25.65,145.32
ORD1179,4/2/2023,CUST1028,Loyal,Frankfurt,PROD8,3,125.95,377.85,0,0,377.85
ORD1180,4/3/2023,CUST1004,Occasional,Hamburg,PROD3,2,324.95,649.9,0,0,649.9
ORD1181,4/3/2023,CUST1057,Occasional,Cologne,PROD12,3,29.99,89.97,0,0,89.97
ORD1182,4/3/2023,CUST1066,Occasional,Hamburg,PROD5,2,229.95,459.9,0,0,459.9
ORD1183,4/4/2023,CUST1039,Occasional,Cologne,PROD12,3,29.99,89.97,0,0,89.97
ORD1184,4/5/2023,CUST1072,Loyal,Frankfurt,PROD13,4,39.99,159.96,10,16,143.96
ORD1185,4/6/2023,CUST1030,Occasional,Cologne,PROD17,5,203.95,1019.75,0,0,1019.75
ORD1186,4/7/2023,CUST1084,Occasional,Berlin,PROD12,1,29.99,29.99,0,0,29.99
ORD1187,4/7/2023,CUST1055,Occasional,Cologne,PROD7,4,21.95,87.8,0,0,87.8
ORD1188,4/7/2023,CUST1094,Loyal,Hamburg,PROD18,3,297.95,893.85,10,89.38,804.47
ORD1189,4/8/2023,CUST1000,Occasional,Hamburg,PROD9,5,20.99,104.95,0,0,104.95
ORD1190,4/8/2023,CUST1066,Occasional,Munich,PROD9,4,20.99,83.96,0,0,83.96
ORD1191,4/8/2023,CUST1041,Occasional,Frankfurt,PROD17,4,203.95,815.8,0,0,815.8
ORD1192,4/8/2023,CUST1020,Occasional,Hamburg,PROD13,2,39.99,79.98,0,0,79.98
ORD1193,4/9/2023,CUST1017,Occasional,Berlin,PROD1,2,1164.99,2329.98,0,0,2329.98
ORD1194,4/9/2023,CUST1038,Occasional,Frankfurt,PROD13,1,39.99,39.99,0,0,39.99
ORD1195,4/10/2023,CUST1008,Occasional,Hamburg,PROD6,2,56.99,113.98,0,0,113.98
ORD1196,4/10/2023,CUST1091,Occasional,Cologne,PROD3,3,324.95,974.85,0,0,974.85
ORD1197,4/10/2023,CUST1005,Occasional,Frankfurt,PROD13,3,39.99,119.97,0,0,119.97
ORD1198,4/11/2023,CUST1092,Loyal,Munich,PROD17,3,203.95,611.85,0,0,611.85
ORD1199,4/11/2023,CUST1029,Occasional,Cologne,PROD8,5,125.95,629.75,0,0,629.75
ORD1200,4/11/2023,CUST1069,Occasional,Cologne,PROD6,2,56.99,113.98,0,0,113.98
ORD1201,4/11/2023,CUST1049,Occasional,Cologne,PROD16,3,116.99,350.97,0,0,350.97
ORD1202,4/12/2023,CUST1019,Loyal,Berlin,PROD11,5,155.95,779.75,5,38.99,740.76
ORD1203,4/13/2023,CUST1087,Occasional,Berlin,PROD18,5,297.95,1489.75,0,0,1489.75
ORD1204,4/13/2023,CUST1080,Occasional,Munich,PROD5,1,229.95,229.95,0,0,229.95
ORD1205,4/13/2023,CUST1004,Occasional,Frankfurt,PROD1,3,1164.99,3494.97,0,0,3494.97
ORD1206,4/13/2023,CUST1009,Loyal,Hamburg,PROD13,1,39.99,39.99,5,2,37.99
ORD1207,4/13/2023,CUST1093,Occasional,Berlin,PROD4,4,137.95,551.8,0,0,551.8
ORD1208,4/13/2023,CUST1081,Occasional,Hamburg,PROD7,2,21.95,43.9,0,0,43.9
ORD1209,4/14/2023,CUST1003,Occasional,Hamburg,PROD5,4,229.95,919.8,0,0,919.8
ORD1210,4/15/2023,CUST1038,Occasional,Hamburg,PROD10,3,71.99,215.97,0,0,215.97
ORD1211,4/16/2023,CUST1032,Occasional,Berlin,PROD3,5,324.95,1624.75,0,0,1624.75
ORD1212,4/16/2023,CUST1062,Occasional,Cologne,PROD3,2,324.95,649.9,0,0,649.9
ORD1213,4/16/2023,CUST1032,Loyal,Frankfurt,PROD10,3,71.99,215.97,10,21.6,194.37
ORD1214,4/16/2023,CUST1058,Loyal,Berlin,PROD5,5,229.95,1149.75,10,114.98,1034.77
ORD1215,4/16/2023,CUST1023,Loyal,Frankfurt,PROD2,5,699.95,3499.75,15,524.96,2974.79
ORD1216,4/17/2023,CUST1077,Loyal,Cologne,PROD2,5,699.95,3499.75,0,0,3499.75
ORD1217,4/17/2023,CUST1039,Occasional,Cologne,PROD11,2,155.95,311.9,0,0,311.9
ORD1218,4/17/2023,CUST1063,Occasional,Frankfurt,PROD16,3,116.99,350.97,0,0,350.97
ORD1219,4/18/2023,CUST1063,Occasional,Cologne,PROD13,2,39.99,79.98,0,0,79.98
ORD1220,4/19/2023,CUST1080,Occasional,Munich,PROD2,4,699.95,2799.8,0,0,2799.8
ORD1221,4/19/2023,CUST1099,Occasional,Berlin,PROD3,3,324.95,974.85,0,0,974.85
ORD1222,4/20/2023,CUST1091,Occasional,Frankfurt,PROD15,4,46.95,187.8,0,0,187.8
ORD1223,4/20/2023,CUST1041,Occasional,Berlin,PROD7,1,21.95,21.95,0,0,21.95
ORD1224,4/20/2023,CUST1066,Occasional,Munich,PROD5,3,229.95,689.85,0,0,689.85
ORD1225,4/20/2023,CUST1095,Loyal,Frankfurt,PROD16,1,116.99,116.99,10,11.7,105.29
ORD1226,4/20/2023,CUST1077,Occasional,Frankfurt,PROD4,1,137.95,137.95,0,0,137.95
ORD1227,4/20/2023,CUST1066,Occasional,Cologne,PROD10,3,71.99,215.97,0,0,215.97
ORD1228,4/20/2023,CUST1087,Loyal,Frankfurt,PROD2,2,699.95,1399.9,10,139.99,1259.91
ORD1229,4/20/2023,CUST1000,Occasional,Berlin,PROD13,4,39.99,159.96,0,0,159.96
ORD1230,4/21/2023,CUST1015,Occasional,Hamburg,PROD17,4,203.95,815.8,0,0,815.8
ORD1231,4/22/2023,CUST1099,Occasional,Berlin,PROD13,3,39.99,119.97,0,0,119.97
ORD1232,4/22/2023,CUST1028,Occasional,Frankfurt,PROD12,1,29.99,29.99,0,0,29.99
ORD1233,4/23/2023,CUST1024,Occasional,Frankfurt,PROD2,3,699.95,2099.85,0,0,2099.85
ORD1234,4/23/2023,CUST1066,Occasional,Hamburg,PROD18,4,297.95,1191.8,0,0,1191.8
ORD1235,4/23/2023,CUST1017,Loyal,Frankfurt,PROD12,2,29.99,59.98,0,0,59.98
ORD1236,4/23/2023,CUST1048,Occasional,Berlin,PROD17,2,203.95,407.9,0,0,407.9
ORD1237,4/24/2023,CUST1026,Occasional,Berlin,PROD1,2,1164.99,2329.98,0,0,2329.98
ORD1238,4/24/2023,CUST1042,Occasional,Frankfurt,PROD7,1,21.95,21.95,0,0,21.95
ORD1239,4/24/2023,CUST1072,Occasional,Berlin,PROD18,2,297.95,595.9,0,0,595.9
ORD1240,4/25/2023,CUST1042,Loyal,Hamburg,PROD5,1,229.95,229.95,5,11.5,218.45
ORD1241,4/25/2023,CUST1072,Occasional,Munich,PROD17,1,203.95,203.95,0,0,203.95
ORD1242,4/26/2023,CUST1012,Occasional,Hamburg,PROD11,2,155.95,311.9,0,0,311.9
ORD1243,4/27/2023,CUST1092,Loyal,Hamburg,PROD16,2,116.99,233.98,0,0,233.98
ORD1244,4/27/2023,CUST1062,Occasional,Hamburg,PROD18,4,297.95,1191.8,0,0,1191.8
ORD1245,4/27/2023,CUST1046,Occasional,Hamburg,PROD18,1,297.95,297.95,0,0,297.95
ORD1246,4/28/2023,CUST1046,Occasional,Munich,PROD10,3,71.99,215.97,0,0,215.97
ORD1247,4/28/2023,CUST1006,Loyal,Frankfurt,PROD15,3,46.95,140.85,10,14.08,126.77
ORD1248,4/28/2023,CUST1082,Occasional,Berlin,PROD15,2,46.95,93.9,0,0,93.9
ORD1249,4/29/2023,CUST1098,Occasional,Berlin,PROD15,5,46.95,234.75,0,0,234.75
ORD1250,4/30/2023,CUST1029,Occasional,Cologne,PROD3,2,324.95,649.9,0,0,649.9
ORD1251,4/30/2023,CUST1095,Occasional,Berlin,PROD8,2,125.95,251.9,0,0,251.9
ORD1252,4/30/2023,CUST1064,Occasional,Hamburg,PROD13,2,39.99,79.98,0,0,79.98
ORD1253,4/30/2023,CUST1062,Loyal,Berlin,PROD17,5,203.95,1019.75,0,0,1019.75
ORD1254,5/1/2023,CUST1063,Occasional,Berlin,PROD2,3,699.95,2099.85,0,0,2099.85
ORD1255,5/1/2023,CUST1038,Occasional,Cologne,PROD12,1,29.99,29.99,0,0,29.99
ORD1256,5/1/2023,CUST1043,Occasional,Munich,PROD1,3,1164.99,3494.97,0,0,3494.97
ORD1257,5/1/2023,CUST1074,Occasional,Berlin,PROD11,1,155.95,155.95,0,0,155.95
ORD1258,5/2/2023,CUST1044,Loyal,Frankfurt,PROD12,4,29.99,119.96,10,12,107.96
ORD1259,5/3/2023,CUST1048,Loyal,Cologne,PROD6,5,56.99,284.95,5,14.25,270.7
ORD1260,5/3/2023,CUST1026,Occasional,Frankfurt,PROD5,1,229.95,229.95,0,0,229.95
ORD1261,5/3/2023,CUST1088,Occasional,Cologne,PROD8,2,125.95,251.9,0,0,251.9
ORD1262,5/3/2023,CUST1031,Loyal,Munich,PROD10,1,71.99,71.99,10,7.2,64.79
ORD1263,5/4/2023,CUST1046,Occasional,Cologne,PROD8,5,125.95,629.75,0,0,629.75
ORD1264,5/5/2023,CUST1038,Occasional,Munich,PROD7,1,21.95,21.95,0,0,21.95
ORD1265,5/5/2023,CUST1091,Occasional,Frankfurt,PROD8,2,125.95,251.9,0,0,251.9
ORD1266,5/6/2023,CUST1049,Occasional,Berlin,PROD4,5,137.95,689.75,0,0,689.75
ORD1267,5/7/2023,CUST1055,Occasional,Cologne,PROD3,3,324.95,974.85,0,0,974.85
ORD1268,5/7/2023,CUST1078,Loyal,Munich,PROD15,2,46.95,93.9,15,14.08,79.82
ORD1269,5/8/2023,CUST1027,Loyal,Frankfurt,PROD10,5,71.99,359.95,0,0,359.95
ORD1270,5/8/2023,CUST1013,Occasional,Cologne,PROD10,3,71.99,215.97,0,0,215.97
ORD1271,5/9/2023,CUST1059,Occasional,Berlin,PROD14,2,13.99,27.98,0,0,27.98
ORD1272,5/9/2023,CUST1041,Occasional,Berlin,PROD10,2,71.99,143.98,0,0,143.98
ORD1273,5/10/2023,CUST1054,Occasional,Berlin,PROD9,2,20.99,41.98,0,0,41.98
ORD1274,5/10/2023,CUST1018,Occasional,Berlin,PROD10,3,71.99,215.97,0,0,215.97
ORD1275,5/10/2023,CUST1039,Occasional,Frankfurt,PROD15,4,46.95,187.8,0,0,187.8
ORD1276,5/11/2023,CUST1080,Occasional,Hamburg,PROD12,2,29.99,59.98,0,0,59.98
ORD1277,5/11/2023,CUST1006,Occasional,Munich,PROD11,1,155.95,155.95,0,0,155.95
ORD1278,5/11/2023,CUST1029,Occasional,Hamburg,PROD8,4,125.95,503.8,0,0,503.8
ORD1279,5/11/2023,CUST1081,Occasional,Berlin,PROD5,5,229.95,1149.75,0,0,1149.75
ORD1280,5/11/2023,CUST1098,Occasional,Cologne,PROD6,5,56.99,284.95,0,0,284.95
ORD1281,5/12/2023,CUST1096,Occasional,Hamburg,PROD15,5,46.95,234.75,0,0,234.75
ORD1282,5/12/2023,CUST1022,Occasional,Berlin,PROD18,3,297.95,893.85,0,0,893.85
ORD1283,5/12/2023,CUST1047,Occasional,Berlin,PROD10,1,71.99,71.99,0,0,71.99
ORD1284,5/12/2023,CUST1029,Occasional,Cologne,PROD13,3,39.99,119.97,0,0,119.97
ORD1285,5/13/2023,CUST1056,Occasional,Hamburg,PROD18,4,297.95,1191.8,0,0,1191.8
ORD1286,5/14/2023,CUST1026,Occasional,Munich,PROD11,4,155.95,623.8,0,0,623.8
ORD1287,5/14/2023,CUST1069,Loyal,Munich,PROD2,3,699.95,2099.85,10,209.98,1889.87
ORD1288,5/15/2023,CUST1034,Occasional,Berlin,PROD3,4,324.95,1299.8,0,0,1299.8
ORD1289,5/16/2023,CUST1099,Occasional,Hamburg,PROD4,5,137.95,689.75,0,0,689.75
ORD1290,5/16/2023,CUST1045,Occasional,Cologne,PROD17,3,203.95,611.85,0,0,611.85
ORD1291,5/16/2023,CUST1037,Occasional,Hamburg,PROD10,1,71.99,71.99,0,0,71.99
ORD1292,5/16/2023,CUST1022,Occasional,Cologne,PROD12,5,29.99,149.95,0,0,149.95
ORD1293,5/17/2023,CUST1071,Occasional,Frankfurt,PROD2,4,699.95,2799.8,0,0,2799.8
ORD1294,5/17/2023,CUST1073,Occasional,Munich,PROD5,5,229.95,1149.75,0,0,1149.75
ORD1295,5/17/2023,CUST1024,Occasional,Hamburg,PROD16,5,116.99,584.95,0,0,584.95
ORD1296,5/17/2023,CUST1055,Occasional,Munich,PROD15,2,46.95,93.9,0,0,93.9
ORD1297,5/18/2023,CUST1009,Loyal,Berlin,PROD18,5,297.95,1489.75,0,0,1489.75
ORD1298,5/18/2023,CUST1071,Occasional,Berlin,PROD18,3,297.95,893.85,0,0,893.85
ORD1299,5/19/2023,CUST1009,Loyal,Berlin,PROD16,4,116.99,467.96,0,0,467.96
ORD1300,5/20/2023,CUST1081,Loyal,Cologne,PROD6,3,56.99,170.97,15,25.65,145.32
ORD1301,5/21/2023,CUST1019,Occasional,Munich,PROD3,1,324.95,324.95,0,0,324.95
ORD1302,5/21/2023,CUST1081,Loyal,Munich,PROD9,2,20.99,41.98,10,4.2,37.78
ORD1303,5/22/2023,CUST1003,Loyal,Hamburg,PROD14,1,13.99,13.99,10,1.4,12.59
ORD1304,5/23/2023,CUST1057,Occasional,Frankfurt,PROD6,1,56.99,56.99,0,0,56.99
ORD1305,5/24/2023,CUST1069,Loyal,Berlin,PROD18,4,297.95,1191.8,0,0,1191.8
ORD1306,5/25/2023,CUST1002,Occasional,Frankfurt,PROD5,4,229.95,919.8,0,0,919.8
ORD1307,5/25/2023,CUST1001,Occasional,Munich,PROD2,5,699.95,3499.75,0,0,3499.75
ORD1308,5/26/2023,CUST1024,Occasional,Cologne,PROD1,5,1164.99,5824.95,0,0,5824.95
ORD1309,5/27/2023,CUST1096,Occasional,Frankfurt,PROD3,3,324.95,974.85,0,0,974.85
ORD1310,5/28/2023,CUST1062,Loyal,Frankfurt,PROD9,2,20.99,41.98,15,6.3,35.68
ORD1311,5/28/2023,CUST1021,Loyal,Cologne,PROD1,5,1164.99,5824.95,10,582.5,5242.45
ORD1312,5/28/2023,CUST1063,Occasional,Frankfurt,PROD2,3,699.95,2099.85,0,0,2099.85
ORD1313,5/28/2023,CUST1096,Occasional,Hamburg,PROD16,1,116.99,116.99,0,0,116.99
ORD1314,5/29/2023,CUST1002,Loyal,Berlin,PROD18,4,297.95,1191.8,10,119.18,1072.62
ORD1315,5/30/2023,CUST1012,Loyal,Frankfurt,PROD11,4,155.95,623.8,0,0,623.8
ORD1316,5/30/2023,CUST1076,Occasional,Frankfurt,PROD16,5,116.99,584.95,0,0,584.95
ORD1317,5/31/2023,CUST1007,Loyal,Cologne,PROD16,1,116.99,116.99,0,0,116.99
ORD1318,6/1/2023,CUST1016,Loyal,Cologne,PROD2,2,699.95,1399.9,15,209.98,1189.92
ORD1319,6/1/2023,CUST1094,Occasional,Munich,PROD3,4,324.95,1299.8,0,0,1299.8
ORD1320,6/1/2023,CUST1058,Loyal,Hamburg,PROD12,3,29.99,89.97,15,13.5,76.47
ORD1321,6/2/2023,CUST1000,Occasional,Frankfurt,PROD8,4,125.95,503.8,0,0,503.8
ORD1322,6/2/2023,CUST1055,Occasional,Cologne,PROD14,1,13.99,13.99,0,0,13.99
ORD1323,6/2/2023,CUST1007,Occasional,Cologne,PROD13,3,39.99,119.97,0,0,119.97
ORD1324,6/2/2023,CUST1013,Occasional,Berlin,PROD17,4,203.95,815.8,0,0,815.8
ORD1325,6/3/2023,CUST1025,Occasional,Cologne,PROD12,2,29.99,59.98,0,0,59.98
ORD1326,6/3/2023,CUST1015,Loyal,Cologne,PROD11,4,155.95,623.8,0,0,623.8
ORD1327,6/3/2023,CUST1024,Occasional,Cologne,PROD1,1,1164.99,1164.99,0,0,1164.99
ORD1328,6/3/2023,CUST1051,Loyal,Cologne,PROD1,1,1164.99,1164.99,5,58.25,1106.74
ORD1329,6/4/2023,CUST1034,Occasional,Frankfurt,PROD14,1,13.99,13.99,0,0,13.99
ORD1330,6/5/2023,CUST1011,Occasional,Cologne,PROD14,3,13.99,41.97,0,0,41.97
ORD1331,6/6/2023,CUST1003,Occasional,Cologne,PROD18,2,297.95,595.9,0,0,595.9
ORD1332,6/7/2023,CUST1088,Occasional,Cologne,PROD9,2,20.99,41.98,0,0,41.98
ORD1333,6/8/2023,CUST1054,Occasional,Munich,PROD8,3,125.95,377.85,0,0,377.85
ORD1334,6/9/2023,CUST1080,Loyal,Berlin,PROD10,2,71.99,143.98,0,0,143.98
ORD1335,6/10/2023,CUST1024,Occasional,Berlin,PROD17,5,203.95,1019.75,0,0,1019.75
ORD1336,6/10/2023,CUST1047,Occasional,Hamburg,PROD13,5,39.99,199.95,0,0,199.95
ORD1337,6/10/2023,CUST1078,Occasional,Berlin,PROD13,1,39.99,39.99,0,0,39.99
ORD1338,6/11/2023,CUST1061,Occasional,Cologne,PROD3,2,324.95,649.9,0,0,649.9
ORD1339,6/12/2023,CUST1074,Occasional,Berlin,PROD12,4,29.99,119.96,0,0,119.96
ORD1340,6/13/2023,CUST1070,Loyal,Berlin,PROD8,1,125.95,125.95,0,0,125.95
ORD1341,6/13/2023,CUST1076,Occasional,Berlin,PROD13,4,39.99,159.96,0,0,159.96
ORD1342,6/14/2023,CUST1002,Loyal,Munich,PROD17,1,203.95,203.95,10,20.4,183.55
ORD1343,6/14/2023,CUST1020,Occasional,Cologne,PROD11,1,155.95,155.95,0,0,155.95
ORD1344,6/14/2023,CUST1009,Occasional,Frankfurt,PROD6,1,56.99,56.99,0,0,56.99
ORD1345,6/15/2023,CUST1051,Occasional,Berlin,PROD11,1,155.95,155.95,0,0,155.95
ORD1346,6/15/2023,CUST1036,Occasional,Berlin,PROD2,1,699.95,699.95,0,0,699.95
ORD1347,6/16/2023,CUST1030,Occasional,Hamburg,PROD2,4,699.95,2799.8,0,0,2799.8
ORD1348,6/16/2023,CUST1062,Loyal,Munich,PROD14,2,13.99,27.98,5,1.4,26.58
ORD1349,6/16/2023,CUST1072,Occasional,Cologne,PROD4,4,137.95,551.8,0,0,551.8
ORD1350,6/17/2023,CUST1017,Occasional,Cologne,PROD5,2,229.95,459.9,0,0,459.9
ORD1351,6/18/2023,CUST1053,Occasional,Hamburg,PROD4,1,137.95,137.95,0,0,137.95
ORD1352,6/18/2023,CUST1074,Occasional,Hamburg,PROD5,5,229.95,1149.75,0,0,1149.75
ORD1353,6/18/2023,CUST1070,Occasional,Munich,PROD12,2,29.99,59.98,0,0,59.98
ORD1354,6/19/2023,CUST1089,Occasional,Hamburg,PROD4,4,137.95,551.8,0,0,551.8
ORD1355,6/20/2023,CUST1096,Occasional,Berlin,PROD7,2,21.95,43.9,0,0,43.9
ORD1356,6/21/2023,CUST1080,Occasional,Berlin,PROD10,5,71.99,359.95,0,0,359.95
ORD1357,6/22/2023,CUST1005,Occasional,Frankfurt,PROD11,2,155.95,311.9,0,0,311.9
ORD1358,6/23/2023,CUST1038,Occasional,Frankfurt,PROD1,2,1164.99,2329.98,0,0,2329.98
ORD1359,6/23/2023,CUST1007,Loyal,Cologne,PROD14,3,13.99,41.97,10,4.2,37.77
ORD1360,6/23/2023,CUST1013,Occasional,Frankfurt,PROD15,4,46.95,187.8,0,0,187.8
ORD1361,6/23/2023,CUST1042,Occasional,Frankfurt,PROD6,3,56.99,170.97,0,0,170.97
ORD1362,6/24/2023,CUST1004,Occasional,Berlin,PROD3,4,324.95,1299.8,0,0,1299.8
ORD1363,6/25/2023,CUST1097,Occasional,Hamburg,PROD10,2,71.99,143.98,0,0,143.98
ORD1364,6/26/2023,CUST1019,Occasional,Hamburg,PROD7,4,21.95,87.8,0,0,87.8
ORD1365,6/27/2023,CUST1080,Occasional,Berlin,PROD14,4,13.99,55.96,0,0,55.96
ORD1366,6/28/2023,CUST1080,Occasional,Berlin,PROD6,1,56.99,56.99,0,0,56.99
ORD1367,6/28/2023,CUST1062,Loyal,Frankfurt,PROD3,3,324.95,974.85,0,0,974.85
ORD1368,6/28/2023,CUST1040,Loyal,Cologne,PROD14,4,13.99,55.96,0,0,55.96
ORD1369,6/28/2023,CUST1003,Occasional,Frankfurt,PROD11,3,155.95,467.85,0,0,467.85
ORD1370,6/29/2023,CUST1009,Occasional,Hamburg,PROD5,2,229.95,459.9,0,0,459.9
ORD1371,6/29/2023,CUST1019,Occasional,Hamburg,PROD12,2,29.99,59.98,0,0,59.98
ORD1372,6/29/2023,CUST1085,Occasional,Frankfurt,PROD9,1,20.99,20.99,0,0,20.99
ORD1373,6/29/2023,CUST1021,Loyal,Berlin,PROD7,4,21.95,87.8,15,13.17,74.63
ORD1374,6/30/2023,CUST1081,Occasional,Cologne,PROD13,1,39.99,39.99,0,0,39.99
ORD1375,6/30/2023,CUST1017,Occasional,Frankfurt,PROD18,3,297.95,893.85,0,0,893.85
ORD1376,6/30/2023,CUST1006,Occasional,Hamburg,PROD9,5,20.99,104.95,0,0,104.95
ORD1377,7/1/2023,CUST1045,Occasional,Hamburg,PROD11,2,155.95,311.9,0,0,311.9
ORD1378,7/1/2023,CUST1066,Loyal,Frankfurt,PROD7,1,21.95,21.95,15,3.29,18.66
ORD1379,7/1/2023,CUST1050,Occasional,Berlin,PROD17,3,203.95,611.85,0,0,611.85
ORD1380,7/1/2023,CUST1046,Occasional,Berlin,PROD3,5,324.95,1624.75,0,0,1624.75
ORD1381,7/2/2023,CUST1010,Occasional,Frankfurt,PROD3,5,324.95,1624.75,0,0,1624.75
ORD1382,7/3/2023,CUST1095,Occasional,Berlin,PROD8,1,125.95,125.95,0,0,125.95
ORD1383,7/3/2023,CUST1067,Occasional,Cologne,PROD10,2,71.99,143.98,0,0,143.98
ORD1384,7/4/2023,CUST1039,Loyal,Munich,PROD13,4,39.99,159.96,0,0,159.96
ORD1385,7/4/2023,CUST1047,Loyal,Cologne,PROD2,2,699.95,1399.9,0,0,1399.9
ORD1386,7/5/2023,CUST1078,Occasional,Hamburg,PROD16,3,116.99,350.97,0,0,350.97
ORD1387,7/6/2023,CUST1033,Occasional,Cologne,PROD18,5,297.95,1489.75,0,0,1489.75
ORD1388,7/6/2023,CUST1038,Occasional,Hamburg,PROD1,3,1164.99,3494.97,0,0,3494.97
ORD1389,7/7/2023,CUST1067,Occasional,Berlin,PROD4,1,137.95,137.95,0,0,137.95
ORD1390,7/8/2023,CUST1041,Occasional,Cologne,PROD10,2,71.99,143.98,0,0,143.98
ORD1391,7/9/2023,CUST1031,Loyal,Berlin,PROD1,5,1164.99,5824.95,15,873.74,4951.21
ORD1392,7/10/2023,CUST1093,Loyal,Frankfurt,PROD12,1,29.99,29.99,0,0,29.99
ORD1393,7/11/2023,CUST1007,Occasional,Berlin,PROD14,2,13.99,27.98,0,0,27.98
ORD1394,7/11/2023,CUST1036,Loyal,Cologne,PROD3,5,324.95,1624.75,0,0,1624.75
ORD1395,7/12/2023,CUST1054,Loyal,Cologne,PROD10,1,71.99,71.99,0,0,71.99
ORD1396,7/12/2023,CUST1037,Occasional,Cologne,PROD13,1,39.99,39.99,0,0,39.99
ORD1397,7/12/2023,CUST1033,Occasional,Munich,PROD14,1,13.99,13.99,0,0,13.99
ORD1398,7/12/2023,CUST1036,Occasional,Munich,PROD18,1,297.95,297.95,0,0,297.95
ORD1399,7/13/2023,CUST1072,Occasional,Frankfurt,PROD16,2,116.99,233.98,0,0,233.98
ORD1400,7/14/2023,CUST1092,Loyal,Berlin,PROD17,5,203.95,1019.75,15,152.96,866.79
ORD1401,7/14/2023,CUST1027,Occasional,Berlin,PROD14,5,13.99,69.95,0,0,69.95
ORD1402,7/14/2023,CUST1048,Occasional,Hamburg,PROD9,5,20.99,104.95,0,0,104.95
ORD1403,7/15/2023,CUST1090,Occasional,Frankfurt,PROD4,4,137.95,551.8,0,0,551.8
ORD1404,7/15/2023,CUST1062,Loyal,Berlin,PROD8,2,125.95,251.9,15,37.78,214.12
ORD1405,7/16/2023,CUST1035,Loyal,Hamburg,PROD10,5,71.99,359.95,0,0,359.95
ORD1406,7/17/2023,CUST1069,Occasional,Frankfurt,PROD14,4,13.99,55.96,0,0,55.96
ORD1407,7/17/2023,CUST1099,Loyal,Cologne,PROD5,4,229.95,919.8,15,137.97,781.83
ORD1408,7/17/2023,CUST1023,Occasional,Munich,PROD14,4,13.99,55.96,0,0,55.96
ORD1409,7/17/2023,CUST1056,Occasional,Munich,PROD6,5,56.99,284.95,0,0,284.95
ORD1410,7/18/2023,CUST1026,Occasional,Munich,PROD6,3,56.99,170.97,0,0,170.97
ORD1411,7/18/2023,CUST1019,Occasional,Munich,PROD11,5,155.95,779.75,0,0,779.75
ORD1412,7/18/2023,CUST1074,Occasional,Munich,PROD11,5,155.95,779.75,0,0,779.75
ORD1413,7/19/2023,CUST1019,Loyal,Munich,PROD4,4,137.95,551.8,15,82.77,469.03
ORD1414,7/19/2023,CUST1076,Loyal,Berlin,PROD15,1,46.95,46.95,0,0,46.95
ORD1415,7/20/2023,CUST1071,Occasional,Cologne,PROD7,5,21.95,109.75,0,0,109.75
ORD1416,7/20/2023,CUST1068,Occasional,Hamburg,PROD10,1,71.99,71.99,0,0,71.99
ORD1417,7/21/2023,CUST1026,Occasional,Cologne,PROD18,3,297.95,893.85,0,0,893.85
ORD1418,7/22/2023,CUST1084,Occasional,Berlin,PROD8,3,125.95,377.85,0,0,377.85
ORD1419,7/23/2023,CUST1097,Loyal,Munich,PROD2,2,699.95,1399.9,15,209.98,1189.92
ORD1420,7/24/2023,CUST1008,Loyal,Frankfurt,PROD13,3,39.99,119.97,10,12,107.97
ORD1421,7/25/2023,CUST1050,Occasional,Berlin,PROD18,3,297.95,893.85,0,0,893.85
ORD1422,7/25/2023,CUST1004,Occasional,Munich,PROD16,1,116.99,116.99,0,0,116.99
ORD1423,7/25/2023,CUST1069,Occasional,Frankfurt,PROD1,4,1164.99,4659.96,0,0,4659.96
ORD1424,7/25/2023,CUST1099,Occasional,Cologne,PROD12,2,29.99,59.98,0,0,59.98
ORD1425,7/25/2023,CUST1077,Occasional,Cologne,PROD2,3,699.95,2099.85,0,0,2099.85
ORD1426,7/26/2023,CUST1042,Loyal,Frankfurt,PROD7,5,21.95,109.75,15,16.46,93.29
ORD1427,7/27/2023,CUST1040,Occasional,Frankfurt,PROD18,3,297.95,893.85,0,0,893.85
ORD1428,7/27/2023,CUST1095,Occasional,Hamburg,PROD11,2,155.95,311.9,0,0,311.9
ORD1429,7/28/2023,CUST1091,Occasional,Frankfurt,PROD17,1,203.95,203.95,0,0,203.95
ORD1430,7/28/2023,CUST1048,Occasional,Munich,PROD6,1,56.99,56.99,0,0,56.99
ORD1431,7/28/2023,CUST1091,Occasional,Munich,PROD1,1,1164.99,1164.99,0,0,1164.99
ORD1432,7/29/2023,CUST1045,Loyal,Berlin,PROD8,4,125.95,503.8,5,25.19,478.61
ORD1433,7/30/2023,CUST1096,Occasional,Frankfurt,PROD1,1,1164.99,1164.99,0,0,1164.99
ORD1434,7/31/2023,CUST1022,Occasional,Hamburg,PROD18,4,297.95,1191.8,0,0,1191.8
ORD1435,8/1/2023,CUST1086,Occasional,Cologne,PROD5,1,229.95,229.95,0,0,229.95
ORD1436,8/2/2023,CUST1053,Occasional,Berlin,PROD9,5,20.99,104.95,0,0,104.95
ORD1437,8/2/2023,CUST1044,Occasional,Frankfurt,PROD15,4,46.95,187.8,0,0,187.8
ORD1438,8/3/2023,CUST1017,Loyal,Munich,PROD10,4,71.99,287.96,15,43.19,244.77
ORD1439,8/3/2023,CUST1049,Loyal,Berlin,PROD8,2,125.95,251.9,10,25.19,226.71
ORD1440,8/3/2023,CUST1016,Loyal,Berlin,PROD4,4,137.95,551.8,15,82.77,469.03
ORD1441,8/3/2023,CUST1053,Occasional,Frankfurt,PROD2,5,699.95,3499.75,0,0,3499.75
ORD1442,8/3/2023,CUST1067,Occasional,Berlin,PROD3,3,324.95,974.85,0,0,974.85
ORD1443,8/3/2023,CUST1055,Occasional,Berlin,PROD1,2,1164.99,2329.98,0,0,2329.98
ORD1444,8/3/2023,CUST1033,Occasional,Berlin,PROD14,2,13.99,27.98,0,0,27.98
ORD1445,8/4/2023,CUST1010,Occasional,Cologne,PROD3,2,324.95,649.9,0,0,649.9
ORD1446,8/4/2023,CUST1038,Occasional,Frankfurt,PROD4,1,137.95,137.95,0,0,137.95
ORD1447,8/5/2023,CUST1022,Occasional,Hamburg,PROD17,5,203.95,1019.75,0,0,1019.75
ORD1448,8/5/2023,CUST1064,Loyal,Hamburg,PROD12,3,29.99,89.97,0,0,89.97
ORD1449,8/6/2023,CUST1083,Occasional,Berlin,PROD14,4,13.99,55.96,0,0,55.96
ORD1450,8/6/2023,CUST1034,Occasional,Munich,PROD9,4,20.99,83.96,0,0,83.96
ORD1451,8/7/2023,CUST1041,Occasional,Cologne,PROD9,3,20.99,62.97,0,0,62.97
ORD1452,8/7/2023,CUST1015,Occasional,Munich,PROD5,4,229.95,919.8,0,0,919.8
ORD1453,8/7/2023,CUST1019,Loyal,Hamburg,PROD14,5,13.99,69.95,0,0,69.95
ORD1454,8/7/2023,CUST1006,Occasional,Berlin,PROD3,1,324.95,324.95,0,0,324.95
ORD1455,8/8/2023,CUST1059,Loyal,Hamburg,PROD10,1,71.99,71.99,0,0,71.99
ORD1456,8/9/2023,CUST1026,Occasional,Cologne,PROD2,3,699.95,2099.85,0,0,2099.85
ORD1457,8/10/2023,CUST1052,Occasional,Munich,PROD8,2,125.95,251.9,0,0,251.9
ORD1458,8/10/2023,CUST1075,Occasional,Cologne,PROD5,2,229.95,459.9,0,0,459.9
ORD1459,8/10/2023,CUST1076,Occasional,Cologne,PROD8,3,125.95,377.85,0,0,377.85
ORD1460,8/10/2023,CUST1081,Occasional,Frankfurt,PROD14,4,13.99,55.96,0,0,55.96
ORD1461,8/10/2023,CUST1047,Loyal,Hamburg,PROD1,2,1164.99,2329.98,5,116.5,2213.48
ORD1462,8/10/2023,CUST1010,Occasional,Munich,PROD13,4,39.99,159.96,0,0,159.96
ORD1463,8/10/2023,CUST1013,Occasional,Berlin,PROD7,1,21.95,21.95,0,0,21.95
ORD1464,8/11/2023,CUST1046,Occasional,Cologne,PROD9,2,20.99,41.98,0,0,41.98
ORD1465,8/12/2023,CUST1006,Occasional,Munich,PROD18,4,297.95,1191.8,0,0,1191.8
ORD1466,8/13/2023,CUST1063,Occasional,Hamburg,PROD16,5,116.99,584.95,0,0,584.95
ORD1467,8/14/2023,CUST1037,Loyal,Munich,PROD13,4,39.99,159.96,10,16,143.96
ORD1468,8/14/2023,CUST1021,Loyal,Berlin,PROD8,2,125.95,251.9,5,12.6,239.3
ORD1469,8/15/2023,CUST1071,Loyal,Berlin,PROD11,2,155.95,311.9,10,31.19,280.71
ORD1470,8/16/2023,CUST1070,Occasional,Frankfurt,PROD10,2,71.99,143.98,0,0,143.98
ORD1471,8/17/2023,CUST1037,Occasional,Cologne,PROD9,1,20.99,20.99,0,0,20.99
ORD1472,8/17/2023,CUST1006,Occasional,Hamburg,PROD7,1,21.95,21.95,0,0,21.95
ORD1473,8/18/2023,CUST1019,Occasional,Munich,PROD12,1,29.99,29.99,0,0,29.99
ORD1474,8/18/2023,CUST1083,Occasional,Cologne,PROD16,4,116.99,467.96,0,0,467.96
ORD1475,8/19/2023,CUST1092,Loyal,Cologne,PROD7,2,21.95,43.9,15,6.58,37.32
ORD1476,8/20/2023,CUST1093,Occasional,Cologne,PROD10,2,71.99,143.98,0,0,143.98
ORD1477,8/21/2023,CUST1040,Occasional,Cologne,PROD12,2,29.99,59.98,0,0,59.98
ORD1478,8/21/2023,CUST1069,Occasional,Berlin,PROD3,5,324.95,1624.75,0,0,1624.75
ORD1479,8/21/2023,CUST1016,Occasional,Frankfurt,PROD14,5,13.99,69.95,0,0,69.95
ORD1480,8/22/2023,CUST1049,Loyal,Cologne,PROD2,5,699.95,3499.75,5,174.99,3324.76
ORD1481,8/23/2023,CUST1091,Occasional,Hamburg,PROD12,4,29.99,119.96,0,0,119.96
ORD1482,8/24/2023,CUST1042,Occasional,Munich,PROD2,1,699.95,699.95,0,0,699.95
ORD1483,8/25/2023,CUST1096,Occasional,Frankfurt,PROD14,3,13.99,41.97,0,0,41.97
ORD1484,8/26/2023,CUST1071,Loyal,Munich,PROD8,3,125.95,377.85,10,37.79,340.06
ORD1485,8/27/2023,CUST1096,Occasional,Frankfurt,PROD6,2,56.99,113.98,0,0,113.98
ORD1486,8/28/2023,CUST1058,Occasional,Frankfurt,PROD18,2,297.95,595.9,0,0,595.9
ORD1487,8/29/2023,CUST1034,Occasional,Cologne,PROD9,2,20.99,41.98,0,0,41.98
ORD1488,8/29/2023,CUST1034,Occasional,Cologne,PROD17,1,203.95,203.95,0,0,203.95
ORD1489,8/30/2023,CUST1087,Occasional,Berlin,PROD3,4,324.95,1299.8,0,0,1299.8
ORD1490,8/30/2023,CUST1091,Occasional,Frankfurt,PROD1,3,1164.99,3494.97,0,0,3494.97
ORD1491,8/30/2023,CUST1045,Occasional,Cologne,PROD18,2,297.95,595.9,0,0,595.9
ORD1492,8/31/2023,CUST1057,Occasional,Berlin,PROD18,3,297.95,893.85,0,0,893.85
ORD1493,9/1/2023,CUST1041,Occasional,Munich,PROD8,4,125.95,503.8,0,0,503.8
ORD1494,9/2/2023,CUST1074,Occasional,Munich,PROD4,3,137.95,413.85,0,0,413.85
ORD1495,9/3/2023,CUST1007,Occasional,Frankfurt,PROD1,5,1164.99,5824.95,0,0,5824.95
ORD1496,9/3/2023,CUST1078,Loyal,Berlin,PROD15,4,46.95,187.8,0,0,187.8
ORD1497,9/4/2023,CUST1093,Occasional,Hamburg,PROD18,5,297.95,1489.75,0,0,1489.75
ORD1498,9/5/2023,CUST1060,Occasional,Munich,PROD8,1,125.95,125.95,0,0,125.95
ORD1499,9/6/2023,CUST1039,Occasional,Frankfurt,PROD8,5,125.95,629.75,0,0,629.75
ORD1500,9/6/2023,CUST1070,Occasional,Cologne,PROD11,4,155.95,623.8,0,0,623.8
ORD1501,9/7/2023,CUST1026,Occasional,Munich,PROD4,5,137.95,689.75,0,0,689.75
ORD1502,9/7/2023,CUST1041,Occasional,Munich,PROD1,2,1164.99,2329.98,0,0,2329.98
ORD1503,9/8/2023,CUST1082,Occasional,Berlin,PROD8,4,125.95,503.8,0,0,503.8
ORD1504,9/8/2023,CUST1076,Occasional,Frankfurt,PROD7,4,21.95,87.8,0,0,87.8
ORD1505,9/8/2023,CUST1082,Loyal,Cologne,PROD11,1,155.95,155.95,10,15.6,140.35
ORD1506,9/9/2023,CUST1033,Loyal,Berlin,PROD13,4,39.99,159.96,15,23.99,135.97
ORD1507,9/10/2023,CUST1083,Occasional,Cologne,PROD7,5,21.95,109.75,0,0,109.75
ORD1508,9/10/2023,CUST1034,Occasional,Frankfurt,PROD4,1,137.95,137.95,0,0,137.95
ORD1509,9/11/2023,CUST1041,Occasional,Berlin,PROD7,4,21.95,87.8,0,0,87.8
ORD1510,9/12/2023,CUST1041,Occasional,Frankfurt,PROD16,5,116.99,584.95,0,0,584.95
ORD1511,9/12/2023,CUST1005,Occasional,Hamburg,PROD2,5,699.95,3499.75,0,0,3499.75
ORD1512,9/13/2023,CUST1027,Occasional,Cologne,PROD11,3,155.95,467.85,0,0,467.85
ORD1513,9/14/2023,CUST1054,Loyal,Munich,PROD7,4,21.95,87.8,5,4.39,83.41
ORD1514,9/15/2023,CUST1006,Loyal,Cologne,PROD2,1,699.95,699.95,0,0,699.95
ORD1515,9/16/2023,CUST1063,Loyal,Hamburg,PROD3,2,324.95,649.9,0,0,649.9
ORD1516,9/17/2023,CUST1050,Loyal,Munich,PROD1,4,1164.99,4659.96,0,0,4659.96
ORD1517,9/17/2023,CUST1096,Occasional,Munich,PROD4,2,137.95,275.9,0,0,275.9
ORD1518,9/17/2023,CUST1077,Occasional,Cologne,PROD4,5,137.95,689.75,0,0,689.75
ORD1519,9/18/2023,CUST1011,Occasional,Hamburg,PROD14,2,13.99,27.98,0,0,27.98
ORD1520,9/18/2023,CUST1039,Occasional,Cologne,PROD5,2,229.95,459.9,0,0,459.9
ORD1521,9/18/2023,CUST1022,Occasional,Berlin,PROD1,5,1164.99,5824.95,0,0,5824.95
ORD1522,9/18/2023,CUST1089,Occasional,Hamburg,PROD7,5,21.95,109.75,0,0,109.75
ORD1523,9/18/2023,CUST1018,Occasional,Frankfurt,PROD1,4,1164.99,4659.96,0,0,4659.96
ORD1524,9/18/2023,CUST1026,Occasional,Cologne,PROD14,3,13.99,41.97,0,0,41.97
ORD1525,9/19/2023,CUST1053,Occasional,Berlin,PROD9,2,20.99,41.98,0,0,41.98
ORD1526,9/20/2023,CUST1058,Occasional,Munich,PROD7,3,21.95,65.85,0,0,65.85
ORD1527,9/20/2023,CUST1022,Occasional,Frankfurt,PROD6,5,56.99,284.95,0,0,284.95
ORD1528,9/20/2023,CUST1091,Occasional,Cologne,PROD18,1,297.95,297.95,0,0,297.95
ORD1529,9/20/2023,CUST1074,Occasional,Berlin,PROD2,4,699.95,2799.8,0,0,2799.8
ORD1530,9/21/2023,CUST1040,Loyal,Frankfurt,PROD9,1,20.99,20.99,0,0,20.99
ORD1531,9/21/2023,CUST1014,Occasional,Hamburg,PROD15,3,46.95,140.85,0,0,140.85
ORD1532,9/22/2023,CUST1047,Occasional,Hamburg,PROD10,3,71.99,215.97,0,0,215.97
ORD1533,9/23/2023,CUST1084,Occasional,Berlin,PROD4,5,137.95,689.75,0,0,689.75
ORD1534,9/24/2023,CUST1002,Occasional,Munich,PROD9,3,20.99,62.97,0,0,62.97
ORD1535,9/25/2023,CUST1072,Occasional,Cologne,PROD7,1,21.95,21.95,0,0,21.95
ORD1536,9/26/2023,CUST1050,Occasional,Hamburg,PROD8,5,125.95,629.75,0,0,629.75
ORD1537,9/27/2023,CUST1096,Loyal,Munich,PROD5,1,229.95,229.95,0,0,229.95
ORD1538,9/27/2023,CUST1099,Occasional,Frankfurt,PROD14,5,13.99,69.95,0,0,69.95
ORD1539,9/28/2023,CUST1050,Occasional,Hamburg,PROD11,5,155.95,779.75,0,0,779.75
ORD1540,9/28/2023,CUST1036,Loyal,Berlin,PROD8,4,125.95,503.8,10,50.38,453.42
ORD1541,9/28/2023,CUST1090,Loyal,Hamburg,PROD6,2,56.99,113.98,10,11.4,102.58
ORD1542,9/29/2023,CUST1002,Loyal,Munich,PROD13,3,39.99,119.97,0,0,119.97
ORD1543,9/30/2023,CUST1049,Occasional,Frankfurt,PROD3,5,324.95,1624.75,0,0,1624.75
ORD1544,9/30/2023,CUST1082,Occasional,Berlin,PROD15,3,46.95,140.85,0,0,140.85
ORD1545,10/1/2023,CUST1006,Occasional,Cologne,PROD10,3,71.99,215.97,0,0,215.97
ORD1546,10/1/2023,CUST1056,Loyal,Cologne,PROD10,1,71.99,71.99,10,7.2,64.79
ORD1547,10/1/2023,CUST1052,Occasional,Frankfurt,PROD12,3,29.99,89.97,0,0,89.97
ORD1548,10/1/2023,CUST1041,Loyal,Berlin,PROD1,5,1164.99,5824.95,0,0,5824.95
ORD1549,10/1/2023,CUST1058,Occasional,Cologne,PROD1,1,1164.99,1164.99,0,0,1164.99
ORD1550,10/1/2023,CUST1095,Occasional,Hamburg,PROD2,1,699.95,699.95,0,0,699.95
ORD1551,10/2/2023,CUST1041,Occasional,Cologne,PROD18,4,297.95,1191.8,0,0,1191.8
ORD1552,10/2/2023,CUST1076,Occasional,Munich,PROD2,2,699.95,1399.9,0,0,1399.9
ORD1553,10/2/2023,CUST1027,Occasional,Munich,PROD9,1,20.99,20.99,0,0,20.99
ORD1554,10/3/2023,CUST1019,Loyal,Frankfurt,PROD6,1,56.99,56.99,0,0,56.99
ORD1555,10/3/2023,CUST1059,Loyal,Berlin,PROD13,1,39.99,39.99,10,4,35.99
ORD1556,10/3/2023,CUST1022,Loyal,Hamburg,PROD10,5,71.99,359.95,15,53.99,305.96
ORD1557,10/4/2023,CUST1031,Occasional,Cologne,PROD7,4,21.95,87.8,0,0,87.8
ORD1558,10/5/2023,CUST1067,Loyal,Cologne,PROD10,5,71.99,359.95,0,0,359.95
ORD1559,10/6/2023,CUST1098,Occasional,Berlin,PROD3,4,324.95,1299.8,0,0,1299.8
ORD1560,10/7/2023,CUST1099,Occasional,Hamburg,PROD2,5,699.95,3499.75,0,0,3499.75
ORD1561,10/8/2023,CUST1089,Loyal,Hamburg,PROD3,5,324.95,1624.75,0,0,1624.75
ORD1562,10/9/2023,CUST1033,Occasional,Munich,PROD12,1,29.99,29.99,0,0,29.99
ORD1563,10/9/2023,CUST1094,Occasional,Cologne,PROD11,3,155.95,467.85,0,0,467.85
ORD1564,10/9/2023,CUST1023,Loyal,Munich,PROD16,3,116.99,350.97,0,0,350.97
ORD1565,10/9/2023,CUST1098,Loyal,Berlin,PROD3,2,324.95,649.9,5,32.49,617.41
ORD1566,10/9/2023,CUST1097,Occasional,Munich,PROD5,2,229.95,459.9,0,0,459.9
ORD1567,10/9/2023,CUST1094,Occasional,Hamburg,PROD9,3,20.99,62.97,0,0,62.97
ORD1568,10/10/2023,CUST1009,Occasional,Hamburg,PROD8,5,125.95,629.75,0,0,629.75
ORD1569,10/11/2023,CUST1050,Loyal,Hamburg,PROD1,5,1164.99,5824.95,0,0,5824.95
ORD1570,10/11/2023,CUST1020,Occasional,Frankfurt,PROD15,2,46.95,93.9,0,0,93.9
ORD1571,10/12/2023,CUST1054,Occasional,Berlin,PROD4,4,137.95,551.8,0,0,551.8
ORD1572,10/12/2023,CUST1090,Loyal,Cologne,PROD15,4,46.95,187.8,0,0,187.8
ORD1573,10/13/2023,CUST1098,Occasional,Berlin,PROD1,4,1164.99,4659.96,0,0,4659.96
ORD1574,10/13/2023,CUST1028,Occasional,Munich,PROD16,4,116.99,467.96,0,0,467.96
ORD1575,10/14/2023,CUST1066,Occasional,Hamburg,PROD9,5,20.99,104.95,0,0,104.95
ORD1576,10/14/2023,CUST1032,Loyal,Cologne,PROD14,5,13.99,69.95,15,10.49,59.46
ORD1577,10/14/2023,CUST1040,Occasional,Cologne,PROD8,5,125.95,629.75,0,0,629.75
ORD1578,10/14/2023,CUST1089,Occasional,Cologne,PROD2,3,699.95,2099.85,0,0,2099.85
ORD1579,10/14/2023,CUST1054,Loyal,Hamburg,PROD3,5,324.95,1624.75,5,81.24,1543.51
ORD1580,10/14/2023,CUST1062,Occasional,Frankfurt,PROD18,3,297.95,893.85,0,0,893.85
ORD1581,10/15/2023,CUST1022,Loyal,Frankfurt,PROD2,1,699.95,699.95,10,70,629.95
ORD1582,10/15/2023,CUST1076,Occasional,Munich,PROD7,5,21.95,109.75,0,0,109.75
ORD1583,10/15/2023,CUST1073,Occasional,Cologne,PROD17,3,203.95,611.85,0,0,611.85
ORD1584,10/15/2023,CUST1091,Occasional,Hamburg,PROD14,1,13.99,13.99,0,0,13.99
ORD1585,10/16/2023,CUST1079,Occasional,Hamburg,PROD11,5,155.95,779.75,0,0,779.75
ORD1586,10/17/2023,CUST1059,Occasional,Berlin,PROD14,4,13.99,55.96,0,0,55.96
ORD1587,10/17/2023,CUST1070,Loyal,Berlin,PROD14,3,13.99,41.97,0,0,41.97
ORD1588,10/18/2023,CUST1061,Occasional,Berlin,PROD6,1,56.99,56.99,0,0,56.99
ORD1589,10/19/2023,CUST1033,Occasional,Cologne,PROD3,3,324.95,974.85,0,0,974.85
ORD1590,10/20/2023,CUST1068,Occasional,Berlin,PROD10,3,71.99,215.97,0,0,215.97
ORD1591,10/20/2023,CUST1053,Occasional,Hamburg,PROD6,5,56.99,284.95,0,0,284.95
ORD1592,10/20/2023,CUST1084,Occasional,Munich,PROD13,1,39.99,39.99,0,0,39.99
ORD1593,10/20/2023,CUST1014,Loyal,Cologne,PROD3,1,324.95,324.95,0,0,324.95
ORD1594,10/20/2023,CUST1004,Occasional,Munich,PROD7,2,21.95,43.9,0,0,43.9
ORD1595,10/20/2023,CUST1093,Occasional,Hamburg,PROD14,3,13.99,41.97,0,0,41.97
ORD1596,10/20/2023,CUST1082,Loyal,Berlin,PROD15,4,46.95,187.8,0,0,187.8
ORD1597,10/21/2023,CUST1088,Occasional,Cologne,PROD11,5,155.95,779.75,0,0,779.75
ORD1598,10/21/2023,CUST1019,Occasional,Frankfurt,PROD6,5,56.99,284.95,0,0,284.95
ORD1599,10/22/2023,CUST1036,Occasional,Berlin,PROD11,2,155.95,311.9,0,0,311.9
ORD1600,10/22/2023,CUST1096,Occasional,Berlin,PROD5,5,229.95,1149.75,0,0,1149.75
ORD1601,10/22/2023,CUST1025,Occasional,Munich,PROD5,3,229.95,689.85,0,0,689.85
ORD1602,10/23/2023,CUST1006,Occasional,Cologne,PROD11,4,155.95,623.8,0,0,623.8
ORD1603,10/23/2023,CUST1069,Occasional,Hamburg,PROD1,3,1164.99,3494.97,0,0,3494.97
ORD1604,10/24/2023,CUST1083,Loyal,Berlin,PROD8,5,125.95,629.75,15,94.46,535.29
ORD1605,10/24/2023,CUST1064,Occasional,Munich,PROD2,5,699.95,3499.75,0,0,3499.75
ORD1606,10/24/2023,CUST1069,Occasional,Cologne,PROD14,5,13.99,69.95,0,0,69.95
ORD1607,10/25/2023,CUST1014,Occasional,Hamburg,PROD16,3,116.99,350.97,0,0,350.97
ORD1608,10/26/2023,CUST1023,Occasional,Frankfurt,PROD1,1,1164.99,1164.99,0,0,1164.99
ORD1609,10/27/2023,CUST1057,Loyal,Hamburg,PROD11,2,155.95,311.9,0,0,311.9
ORD1610,10/28/2023,CUST1038,Occasional,Cologne,PROD9,5,20.99,104.95,0,0,104.95
ORD1611,10/29/2023,CUST1048,Occasional,Munich,PROD13,5,39.99,199.95,0,0,199.95
ORD1612,10/30/2023,CUST1019,Occasional,Cologne,PROD6,1,56.99,56.99,0,0,56.99
ORD1613,10/31/2023,CUST1091,Occasional,Hamburg,PROD11,5,155.95,779.75,0,0,779.75
ORD1614,10/31/2023,CUST1032,Occasional,Berlin,PROD16,4,116.99,467.96,0,0,467.96
ORD1615,10/31/2023,CUST1087,Occasional,Berlin,PROD6,1,56.99,56.99,0,0,56.99
ORD1616,11/1/2023,CUST1035,Occasional,Hamburg,PROD3,4,324.95,1299.8,0,0,1299.8
ORD1617,11/1/2023,CUST1081,Occasional,Frankfurt,PROD6,4,56.99,227.96,0,0,227.96
ORD1618,11/1/2023,CUST1076,Occasional,Hamburg,PROD8,4,125.95,503.8,0,0,503.8
ORD1619,11/1/2023,CUST1010,Loyal,Cologne,PROD9,2,20.99,41.98,5,2.1,39.88
ORD1620,11/1/2023,CUST1026,Loyal,Munich,PROD9,4,20.99,83.96,15,12.59,71.37
ORD1621,11/2/2023,CUST1052,Loyal,Hamburg,PROD14,1,13.99,13.99,0,0,13.99
ORD1622,11/3/2023,CUST1031,Loyal,Frankfurt,PROD2,5,699.95,3499.75,15,524.96,2974.79
ORD1623,11/4/2023,CUST1011,Occasional,Cologne,PROD3,3,324.95,974.85,0,0,974.85
ORD1624,11/5/2023,CUST1015,Loyal,Cologne,PROD2,4,699.95,2799.8,5,139.99,2659.81
ORD1625,11/6/2023,CUST1098,Occasional,Cologne,PROD11,2,155.95,311.9,0,0,311.9
ORD1626,11/6/2023,CUST1072,Occasional,Cologne,PROD7,1,21.95,21.95,0,0,21.95
ORD1627,11/6/2023,CUST1008,Occasional,Cologne,PROD3,3,324.95,974.85,0,0,974.85
ORD1628,11/6/2023,CUST1099,Occasional,Munich,PROD17,5,203.95,1019.75,0,0,1019.75
ORD1629,11/7/2023,CUST1021,Occasional,Munich,PROD5,2,229.95,459.9,0,0,459.9
ORD1630,11/8/2023,CUST1036,Occasional,Hamburg,PROD1,5,1164.99,5824.95,0,0,5824.95
ORD1631,11/8/2023,CUST1034,Occasional,Munich,PROD12,1,29.99,29.99,0,0,29.99
ORD1632,11/8/2023,CUST1043,Occasional,Cologne,PROD6,2,56.99,113.98,0,0,113.98
ORD1633,11/9/2023,CUST1031,Loyal,Cologne,PROD16,4,116.99,467.96,15,70.19,397.77
ORD1634,11/9/2023,CUST1012,Loyal,Munich,PROD10,2,71.99,143.98,10,14.4,129.58
ORD1635,11/9/2023,CUST1092,Occasional,Hamburg,PROD9,3,20.99,62.97,0,0,62.97
ORD1636,11/10/2023,CUST1051,Occasional,Frankfurt,PROD10,3,71.99,215.97,0,0,215.97
ORD1637,11/11/2023,CUST1078,Occasional,Berlin,PROD13,1,39.99,39.99,0,0,39.99
ORD1638,11/11/2023,CUST1048,Occasional,Berlin,PROD9,3,20.99,62.97,0,0,62.97
ORD1639,11/12/2023,CUST1022,Occasional,Hamburg,PROD1,3,1164.99,3494.97,0,0,3494.97
ORD1640,11/13/2023,CUST1019,Occasional,Berlin,PROD9,3,20.99,62.97,0,0,62.97
ORD1641,11/14/2023,CUST1042,Occasional,Frankfurt,PROD10,3,71.99,215.97,0,0,215.97
ORD1642,11/14/2023,CUST1034,Occasional,Frankfurt,PROD1,5,1164.99,5824.95,0,0,5824.95
ORD1643,11/15/2023,CUST1066,Occasional,Munich,PROD18,4,297.95,1191.8,0,0,1191.8
ORD1644,11/16/2023,CUST1004,Occasional,Frankfurt,PROD9,3,20.99,62.97,0,0,62.97
ORD1645,11/17/2023,CUST1065,Loyal,Cologne,PROD5,4,229.95,919.8,10,91.98,827.82
ORD1646,11/17/2023,CUST1015,Occasional,Hamburg,PROD2,5,699.95,3499.75,0,0,3499.75
ORD1647,11/17/2023,CUST1029,Occasional,Cologne,PROD10,5,71.99,359.95,0,0,359.95
ORD1648,11/18/2023,CUST1069,Occasional,Munich,PROD8,5,125.95,629.75,0,0,629.75
ORD1649,11/18/2023,CUST1097,Occasional,Munich,PROD4,4,137.95,551.8,0,0,551.8
ORD1650,11/19/2023,CUST1023,Occasional,Munich,PROD17,4,203.95,815.8,0,0,815.8
ORD1651,11/20/2023,CUST1076,Occasional,Berlin,PROD15,2,46.95,93.9,0,0,93.9
ORD1652,11/21/2023,CUST1094,Loyal,Cologne,PROD14,4,13.99,55.96,5,2.8,53.16
ORD1653,11/22/2023,CUST1010,Occasional,Frankfurt,PROD16,4,116.99,467.96,0,0,467.96
ORD1654,11/23/2023,CUST1012,Occasional,Berlin,PROD17,2,203.95,407.9,0,0,407.9
ORD1655,11/23/2023,CUST1037,Occasional,Hamburg,PROD13,2,39.99,79.98,0,0,79.98
ORD1656,11/24/2023,CUST1022,Loyal,Frankfurt,PROD12,3,29.99,89.97,0,0,89.97
ORD1657,11/25/2023,CUST1044,Occasional,Cologne,PROD18,4,297.95,1191.8,0,0,1191.8
ORD1658,11/25/2023,CUST1029,Occasional,Munich,PROD3,4,324.95,1299.8,0,0,1299.8
ORD1659,11/25/2023,CUST1049,Loyal,Frankfurt,PROD8,1,125.95,125.95,0,0,125.95
ORD1660,11/25/2023,CUST1041,Loyal,Berlin,PROD8,2,125.95,251.9,0,0,251.9
ORD1661,11/25/2023,CUST1075,Occasional,Frankfurt,PROD15,2,46.95,93.9,0,0,93.9
ORD1662,11/26/2023,CUST1048,Occasional,Munich,PROD5,5,229.95,1149.75,0,0,1149.75
ORD1663,11/27/2023,CUST1003,Occasional,Berlin,PROD7,4,21.95,87.8,0,0,87.8
ORD1664,11/28/2023,CUST1087,Occasional,Berlin,PROD5,2,229.95,459.9,0,0,459.9
ORD1665,11/28/2023,CUST1032,Occasional,Berlin,PROD10,4,71.99,287.96,0,0,287.96
ORD1666,11/29/2023,CUST1007,Occasional,Hamburg,PROD7,3,21.95,65.85,0,0,65.85
ORD1667,11/30/2023,CUST1071,Occasional,Cologne,PROD7,1,21.95,21.95,0,0,21.95
ORD1668,11/30/2023,CUST1098,Occasional,Hamburg,PROD3,3,324.95,974.85,0,0,974.85
ORD1669,12/1/2023,CUST1012,Occasional,Munich,PROD11,1,155.95,155.95,0,0,155.95
ORD1670,12/2/2023,CUST1008,Occasional,Munich,PROD6,1,56.99,56.99,0,0,56.99
ORD1671,12/3/2023,CUST1013,Loyal,Cologne,PROD1,4,1164.99,4659.96,5,233,4426.96
ORD1672,12/3/2023,CUST1073,Occasional,Frankfurt,PROD15,5,46.95,234.75,0,0,234.75
ORD1673,12/3/2023,CUST1026,Loyal,Frankfurt,PROD15,5,46.95,234.75,15,35.21,199.54
ORD1674,12/3/2023,CUST1069,Occasional,Hamburg,PROD3,5,324.95,1624.75,0,0,1624.75
ORD1675,12/3/2023,CUST1047,Occasional,Cologne,PROD7,1,21.95,21.95,0,0,21.95
ORD1676,12/3/2023,CUST1048,Loyal,Cologne,PROD13,2,39.99,79.98,15,12,67.98
ORD1677,12/4/2023,CUST1005,Occasional,Cologne,PROD17,2,203.95,407.9,0,0,407.9
ORD1678,12/4/2023,CUST1015,Loyal,Munich,PROD17,1,203.95,203.95,0,0,203.95
ORD1679,12/4/2023,CUST1002,Occasional,Hamburg,PROD4,2,137.95,275.9,0,0,275.9
ORD1680,12/4/2023,CUST1046,Occasional,Cologne,PROD2,2,699.95,1399.9,0,0,1399.9
ORD1681,12/5/2023,CUST1077,Occasional,Frankfurt,PROD4,1,137.95,137.95,0,0,137.95
ORD1682,12/5/2023,CUST1039,Occasional,Berlin,PROD4,4,137.95,551.8,0,0,551.8
ORD1683,12/6/2023,CUST1024,Occasional,Cologne,PROD14,4,13.99,55.96,0,0,55.96
ORD1684,12/7/2023,CUST1062,Occasional,Berlin,PROD15,4,46.95,187.8,0,0,187.8
ORD1685,12/7/2023,CUST1037,Occasional,Hamburg,PROD3,3,324.95,974.85,0,0,974.85
ORD1686,12/7/2023,CUST1036,Occasional,Hamburg,PROD16,5,116.99,584.95,0,0,584.95
ORD1687,12/8/2023,CUST1080,Occasional,Hamburg,PROD17,2,203.95,407.9,0,0,407.9
ORD1688,12/8/2023,CUST1073,Occasional,Berlin,PROD3,5,324.95,1624.75,0,0,1624.75
ORD1689,12/8/2023,CUST1058,Occasional,Cologne,PROD3,2,324.95,649.9,0,0,649.9
ORD1690,12/8/2023,CUST1066,Occasional,Frankfurt,PROD14,5,13.99,69.95,0,0,69.95
ORD1691,12/8/2023,CUST1092,Loyal,Frankfurt,PROD14,4,13.99,55.96,0,0,55.96
ORD1692,12/8/2023,CUST1094,Occasional,Munich,PROD8,1,125.95,125.95,0,0,125.95
ORD1693,12/9/2023,CUST1016,Loyal,Frankfurt,PROD14,5,13.99,69.95,0,0,69.95
ORD1694,12/10/2023,CUST1076,Occasional,Frankfurt,PROD7,1,21.95,21.95,0,0,21.95
ORD1695,12/10/2023,CUST1024,Occasional,Berlin,PROD14,1,13.99,13.99,0,0,13.99
ORD1696,12/10/2023,CUST1013,Occasional,Frankfurt,PROD2,5,699.95,3499.75,0,0,3499.75
ORD1697,12/10/2023,CUST1096,Occasional,Frankfurt,PROD16,5,116.99,584.95,0,0,584.95
ORD1698,12/10/2023,CUST1093,Occasional,Hamburg,PROD2,1,699.95,699.95,0,0,699.95
ORD1699,12/11/2023,CUST1020,Occasional,Frankfurt,PROD16,5,116.99,584.95,0,0,584.95
ORD1700,12/11/2023,CUST1029,Loyal,Berlin,PROD14,3,13.99,41.97,5,2.1,39.87
ORD1701,12/12/2023,CUST1050,Occasional,Munich,PROD1,5,1164.99,5824.95,0,0,5824.95
ORD1702,12/12/2023,CUST1046,Occasional,Frankfurt,PROD8,3,125.95,377.85,0,0,377.85
ORD1703,12/13/2023,CUST1007,Loyal,Munich,PROD1,2,1164.99,2329.98,0,0,2329.98
ORD1704,12/14/2023,CUST1085,Occasional,Berlin,PROD16,2,116.99,233.98,0,0,233.98
ORD1705,12/15/2023,CUST1059,Occasional,Munich,PROD3,4,324.95,1299.8,0,0,1299.8
ORD1706,12/16/2023,CUST1094,Occasional,Munich,PROD4,2,137.95,275.9,0,0,275.9
ORD1707,12/17/2023,CUST1017,Occasional,Hamburg,PROD16,3,116.99,350.97,0,0,350.97
ORD1708,12/17/2023,CUST1023,Loyal,Berlin,PROD14,4,13.99,55.96,15,8.39,47.57
ORD1709,12/18/2023,CUST1048,Occasional,Berlin,PROD15,4,46.95,187.8,0,0,187.8
ORD1710,12/18/2023,CUST1097,Occasional,Munich,PROD10,2,71.99,143.98,0,0,143.98
ORD1711,12/18/2023,CUST1002,Occasional,Berlin,PROD16,1,116.99,116.99,0,0,116.99
ORD1712,12/18/2023,CUST1007,Occasional,Berlin,PROD2,3,699.95,2099.85,0,0,2099.85
ORD1713,12/19/2023,CUST1026,Loyal,Frankfurt,PROD5,5,229.95,1149.75,0,0,1149.75
ORD1714,12/20/2023,CUST1053,Occasional,Cologne,PROD11,1,155.95,155.95,0,0,155.95
ORD1715,12/20/2023,CUST1096,Occasional,Cologne,PROD14,1,13.99,13.99,0,0,13.99
ORD1716,12/20/2023,CUST1024,Occasional,Frankfurt,PROD6,2,56.99,113.98,0,0,113.98
ORD1717,12/21/2023,CUST1060,Occasional,Frankfurt,PROD18,2,297.95,595.9,0,0,595.9
ORD1718,12/21/2023,CUST1014,Occasional,Cologne,PROD7,5,21.95,109.75,0,0,109.75
ORD1719,12/22/2023,CUST1060,Loyal,Munich,PROD3,1,324.95,324.95,15,48.74,276.21
ORD1720,12/23/2023,CUST1011,Loyal,Frankfurt,PROD10,1,71.99,71.99,15,10.8,61.19
ORD1721,12/23/2023,CUST1015,Loyal,Munich,PROD11,5,155.95,779.75,15,116.96,662.79
ORD1722,12/24/2023,CUST1000,Occasional,Cologne,PROD9,3,20.99,62.97,0,0,62.97
ORD1723,12/25/2023,CUST1031,Occasional,Cologne,PROD7,4,21.95,87.8,0,0,87.8
ORD1724,12/25/2023,CUST1047,Occasional,Berlin,PROD2,1,699.95,699.95,0,0,699.95
ORD1725,12/25/2023,CUST1031,Occasional,Hamburg,PROD6,1,56.99,56.99,0,0,56.99
ORD1726,12/25/2023,CUST1083,Loyal,Munich,PROD18,3,297.95,893.85,0,0,893.85
ORD1727,12/25/2023,CUST1073,Occasional,Frankfurt,PROD7,2,21.95,43.9,0,0,43.9
ORD1728,12/25/2023,CUST1075,Occasional,Frankfurt,PROD11,3,155.95,467.85,0,0,467.85
ORD1729,12/26/2023,CUST1032,Occasional,Hamburg,PROD2,2,699.95,1399.9,0,0,1399.9
ORD1730,12/26/2023,CUST1003,Occasional,Cologne,PROD17,4,203.95,815.8,0,0,815.8
ORD1731,12/27/2023,CUST1053,Occasional,Hamburg,PROD15,1,46.95,46.95,0,0,46.95
ORD1732,12/27/2023,CUST1047,Loyal,Munich,PROD11,2,155.95,311.9,0,0,311.9
ORD1733,12/27/2023,CUST1000,Loyal,Hamburg,PROD5,3,229.95,689.85,0,0,689.85
ORD1734,12/28/2023,CUST1076,Occasional,Munich,PROD15,2,46.95,93.9,0,0,93.9
ORD1735,12/28/2023,CUST1095,Loyal,Berlin,PROD11,5,155.95,779.75,0,0,779.75
ORD1736,12/29/2023,CUST1045,Occasional,Hamburg,PROD14,1,13.99,13.99,0,0,13.99
ORD1737,12/29/2023,CUST1039,Occasional,Berlin,PROD11,4,155.95,623.8,0,0,623.8
ORD1738,12/30/2023,CUST1093,Loyal,Frankfurt,PROD7,5,21.95,109.75,10,10.98,98.77
ORD1739,12/30/2023,CUST1009,Loyal,Munich,PROD18,2,297.95,595.9,10,59.59,536.31
ORD1740,12/31/2023,CUST1034,Occasional,Hamburg,PROD2,5,699.95,3499.75,0,0,3499.75
ORD1741,12/31/2023,CUST1022,Loyal,Munich,PROD14,1,13.99,13.99,5,0.7,13.29
ORD1742,1/1/2024,CUST1099,Occasional,Frankfurt,PROD3,2,324.95,649.9,0,0,649.9
ORD1743,1/1/2024,CUST1000,Occasional,Munich,PROD18,4,297.95,1191.8,0,0,1191.8
ORD1744,1/1/2024,CUST1027,Occasional,Berlin,PROD3,2,324.95,649.9,0,0,649.9
ORD1745,1/1/2024,CUST1050,Occasional,Berlin,PROD11,1,155.95,155.95,0,0,155.95
ORD1746,1/2/2024,CUST1048,Occasional,Frankfurt,PROD11,5,155.95,779.75,0,0,779.75
ORD1747,1/3/2024,CUST1008,Loyal,Frankfurt,PROD15,3,46.95,140.85,0,0,140.85
ORD1748,1/4/2024,CUST1013,Occasional,Frankfurt,PROD13,3,39.99,119.97,0,0,119.97
ORD1749,1/5/2024,CUST1091,Loyal,Munich,PROD14,1,13.99,13.99,5,0.7,13.29
ORD1750,1/5/2024,CUST1082,Occasional,Hamburg,PROD16,5,116.99,584.95,0,0,584.95
ORD1751,1/6/2024,CUST1020,Occasional,Berlin,PROD9,4,20.99,83.96,0,0,83.96
ORD1752,1/7/2024,CUST1094,Occasional,Berlin,PROD1,4,1164.99,4659.96,0,0,4659.96
ORD1753,1/7/2024,CUST1098,Occasional,Frankfurt,PROD12,5,29.99,149.95,0,0,149.95
ORD1754,1/7/2024,CUST1002,Loyal,Cologne,PROD10,4,71.99,287.96,0,0,287.96
ORD1755,1/8/2024,CUST1006,Occasional,Hamburg,PROD10,4,71.99,287.96,0,0,287.96
ORD1756,1/8/2024,CUST1050,Loyal,Cologne,PROD15,4,46.95,187.8,5,9.39,178.41
ORD1757,1/9/2024,CUST1055,Loyal,Munich,PROD9,4,20.99,83.96,10,8.4,75.56
ORD1758,1/9/2024,CUST1057,Occasional,Hamburg,PROD5,3,229.95,689.85,0,0,689.85
ORD1759,1/10/2024,CUST1063,Occasional,Cologne,PROD4,2,137.95,275.9,0,0,275.9
ORD1760,1/10/2024,CUST1061,Loyal,Cologne,PROD11,3,155.95,467.85,0,0,467.85
ORD1761,1/11/2024,CUST1099,Occasional,Cologne,PROD5,4,229.95,919.8,0,0,919.8
ORD1762,1/12/2024,CUST1020,Occasional,Cologne,PROD13,5,39.99,199.95,0,0,199.95
ORD1763,1/12/2024,CUST1045,Occasional,Munich,PROD6,5,56.99,284.95,0,0,284.95
ORD1764,1/13/2024,CUST1053,Occasional,Cologne,PROD12,2,29.99,59.98,0,0,59.98
ORD1765,1/13/2024,CUST1031,Loyal,Berlin,PROD13,3,39.99,119.97,15,18,101.97
ORD1766,1/13/2024,CUST1098,Occasional,Cologne,PROD10,5,71.99,359.95,0,0,359.95
ORD1767,1/13/2024,CUST1080,Loyal,Cologne,PROD9,3,20.99,62.97,5,3.15,59.82
ORD1768,1/14/2024,CUST1000,Occasional,Berlin,PROD18,3,297.95,893.85,0,0,893.85
ORD1769,1/14/2024,CUST1075,Occasional,Berlin,PROD3,2,324.95,649.9,0,0,649.9
ORD1770,1/15/2024,CUST1052,Occasional,Berlin,PROD10,4,71.99,287.96,0,0,287.96
ORD1771,1/16/2024,CUST1040,Occasional,Frankfurt,PROD2,2,699.95,1399.9,0,0,1399.9
ORD1772,1/16/2024,CUST1069,Occasional,Frankfurt,PROD13,2,39.99,79.98,0,0,79.98
ORD1773,1/16/2024,CUST1050,Loyal,Frankfurt,PROD16,1,116.99,116.99,15,17.55,99.44
ORD1774,1/16/2024,CUST1036,Loyal,Munich,PROD9,3,20.99,62.97,15,9.45,53.52
ORD1775,1/17/2024,CUST1056,Loyal,Berlin,PROD16,5,116.99,584.95,0,0,584.95
ORD1776,1/17/2024,CUST1074,Loyal,Hamburg,PROD17,5,203.95,1019.75,0,0,1019.75
ORD1777,1/18/2024,CUST1078,Occasional,Berlin,PROD9,1,20.99,20.99,0,0,20.99
ORD1778,1/18/2024,CUST1014,Loyal,Munich,PROD14,1,13.99,13.99,15,2.1,11.89
ORD1779,1/19/2024,CUST1038,Occasional,Munich,PROD8,4,125.95,503.8,0,0,503.8
ORD1780,1/19/2024,CUST1072,Occasional,Frankfurt,PROD5,3,229.95,689.85,0,0,689.85
ORD1781,1/19/2024,CUST1022,Occasional,Frankfurt,PROD3,4,324.95,1299.8,0,0,1299.8
ORD1782,1/20/2024,CUST1082,Occasional,Munich,PROD18,3,297.95,893.85,0,0,893.85
ORD1783,1/21/2024,CUST1069,Loyal,Munich,PROD2,3,699.95,2099.85,15,314.98,1784.87
ORD1784,1/22/2024,CUST1061,Occasional,Hamburg,PROD18,3,297.95,893.85,0,0,893.85
ORD1785,1/22/2024,CUST1092,Occasional,Munich,PROD11,3,155.95,467.85,0,0,467.85
ORD1786,1/23/2024,CUST1083,Loyal,Frankfurt,PROD4,2,137.95,275.9,15,41.38,234.52
ORD1787,1/23/2024,CUST1053,Occasional,Frankfurt,PROD11,1,155.95,155.95,0,0,155.95
ORD1788,1/23/2024,CUST1088,Occasional,Hamburg,PROD9,3,20.99,62.97,0,0,62.97
ORD1789,1/24/2024,CUST1058,Occasional,Hamburg,PROD18,5,297.95,1489.75,0,0,1489.75
ORD1790,1/25/2024,CUST1018,Occasional,Hamburg,PROD9,3,20.99,62.97,0,0,62.97
ORD1791,1/26/2024,CUST1053,Occasional,Hamburg,PROD11,3,155.95,467.85,0,0,467.85
ORD1792,1/26/2024,CUST1099,Occasional,Frankfurt,PROD14,5,13.99,69.95,0,0,69.95
ORD1793,1/27/2024,CUST1040,Occasional,Munich,PROD9,4,20.99,83.96,0,0,83.96
ORD1794,1/27/2024,CUST1078,Loyal,Cologne,PROD5,5,229.95,1149.75,5,57.49,1092.26
ORD1795,1/27/2024,CUST1059,Occasional,Berlin,PROD7,1,21.95,21.95,0,0,21.95
ORD1796,1/27/2024,CUST1054,Loyal,Berlin,PROD5,2,229.95,459.9,5,23,436.9
ORD1797,1/28/2024,CUST1075,Occasional,Berlin,PROD10,1,71.99,71.99,0,0,71.99
ORD1798,1/28/2024,CUST1002,Occasional,Berlin,PROD14,1,13.99,13.99,0,0,13.99
ORD1799,1/28/2024,CUST1009,Loyal,Hamburg,PROD10,5,71.99,359.95,0,0,359.95
ORD1800,1/29/2024,CUST1005,Occasional,Berlin,PROD11,3,155.95,467.85,0,0,467.85
ORD1801,1/30/2024,CUST1031,Occasional,Frankfurt,PROD6,5,56.99,284.95,0,0,284.95
ORD1802,1/31/2024,CUST1021,Occasional,Munich,PROD6,1,56.99,56.99,0,0,56.99
ORD1803,1/31/2024,CUST1064,Occasional,Frankfurt,PROD4,5,137.95,689.75,0,0,689.75
ORD1804,2/1/2024,CUST1068,Occasional,Berlin,PROD15,2,46.95,93.9,0,0,93.9
ORD1805,2/2/2024,CUST1022,Loyal,Berlin,PROD9,2,20.99,41.98,0,0,41.98
ORD1806,2/3/2024,CUST1094,Occasional,Hamburg,PROD14,1,13.99,13.99,0,0,13.99
ORD1807,2/4/2024,CUST1076,Occasional,Munich,PROD14,1,13.99,13.99,0,0,13.99
ORD1808,2/4/2024,CUST1035,Occasional,Hamburg,PROD10,5,71.99,359.95,0,0,359.95
ORD1809,2/5/2024,CUST1080,Loyal,Frankfurt,PROD6,4,56.99,227.96,5,11.4,216.56
ORD1810,2/6/2024,CUST1036,Occasional,Frankfurt,PROD13,2,39.99,79.98,0,0,79.98
ORD1811,2/7/2024,CUST1039,Occasional,Berlin,PROD2,3,699.95,2099.85,0,0,2099.85
ORD1812,2/7/2024,CUST1036,Occasional,Munich,PROD13,3,39.99,119.97,0,0,119.97
ORD1813,2/7/2024,CUST1094,Occasional,Frankfurt,PROD10,2,71.99,143.98,0,0,143.98
ORD1814,2/7/2024,CUST1088,Occasional,Berlin,PROD9,3,20.99,62.97,0,0,62.97
ORD1815,2/7/2024,CUST1086,Occasional,Munich,PROD8,3,125.95,377.85,0,0,377.85
ORD1816,2/8/2024,CUST1082,Loyal,Munich,PROD9,5,20.99,104.95,0,0,104.95
ORD1817,2/8/2024,CUST1012,Loyal,Frankfurt,PROD10,5,71.99,359.95,0,0,359.95
ORD1818,2/9/2024,CUST1030,Occasional,Cologne,PROD10,5,71.99,359.95,0,0,359.95
ORD1819,2/9/2024,CUST1009,Occasional,Cologne,PROD15,1,46.95,46.95,0,0,46.95
ORD1820,2/10/2024,CUST1072,Occasional,Munich,PROD8,3,125.95,377.85,0,0,377.85
ORD1821,2/10/2024,CUST1051,Occasional,Frankfurt,PROD3,4,324.95,1299.8,0,0,1299.8
ORD1822,2/11/2024,CUST1057,Occasional,Cologne,PROD13,2,39.99,79.98,0,0,79.98
ORD1823,2/11/2024,CUST1085,Occasional,Berlin,PROD12,1,29.99,29.99,0,0,29.99
ORD1824,2/11/2024,CUST1046,Occasional,Berlin,PROD15,1,46.95,46.95,0,0,46.95
ORD1825,2/11/2024,CUST1083,Occasional,Hamburg,PROD10,1,71.99,71.99,0,0,71.99
ORD1826,2/12/2024,CUST1001,Occasional,Berlin,PROD9,1,20.99,20.99,0,0,20.99
ORD1827,2/13/2024,CUST1033,Loyal,Munich,PROD16,1,116.99,116.99,10,11.7,105.29
ORD1828,2/14/2024,CUST1007,Loyal,Berlin,PROD16,3,116.99,350.97,0,0,350.97
ORD1829,2/14/2024,CUST1056,Loyal,Hamburg,PROD10,4,71.99,287.96,0,0,287.96
ORD1830,2/14/2024,CUST1057,Occasional,Munich,PROD2,4,699.95,2799.8,0,0,2799.8
ORD1831,2/15/2024,CUST1045,Occasional,Berlin,PROD10,2,71.99,143.98,0,0,143.98
ORD1832,2/16/2024,CUST1054,Occasional,Berlin,PROD6,4,56.99,227.96,0,0,227.96
ORD1833,2/17/2024,CUST1051,Occasional,Frankfurt,PROD11,4,155.95,623.8,0,0,623.8
ORD1834,2/18/2024,CUST1005,Occasional,Munich,PROD2,2,699.95,1399.9,0,0,1399.9
ORD1835,2/19/2024,CUST1028,Occasional,Hamburg,PROD10,3,71.99,215.97,0,0,215.97
ORD1836,2/19/2024,CUST1074,Loyal,Hamburg,PROD16,4,116.99,467.96,5,23.4,444.56
ORD1837,2/19/2024,CUST1005,Occasional,Cologne,PROD5,2,229.95,459.9,0,0,459.9
ORD1838,2/20/2024,CUST1089,Loyal,Hamburg,PROD8,5,125.95,629.75,5,31.49,598.26
ORD1839,2/20/2024,CUST1098,Occasional,Cologne,PROD8,5,125.95,629.75,0,0,629.75
ORD1840,2/21/2024,CUST1046,Occasional,Hamburg,PROD7,3,21.95,65.85,0,0,65.85
ORD1841,2/22/2024,CUST1012,Occasional,Berlin,PROD16,1,116.99,116.99,0,0,116.99
ORD1842,2/22/2024,CUST1074,Occasional,Berlin,PROD13,1,39.99,39.99,0,0,39.99
ORD1843,2/23/2024,CUST1084,Occasional,Frankfurt,PROD6,3,56.99,170.97,0,0,170.97
ORD1844,2/23/2024,CUST1054,Occasional,Hamburg,PROD10,1,71.99,71.99,0,0,71.99
ORD1845,2/23/2024,CUST1056,Occasional,Cologne,PROD15,3,46.95,140.85,0,0,140.85
ORD1846,2/24/2024,CUST1022,Occasional,Cologne,PROD2,3,699.95,2099.85,0,0,2099.85
ORD1847,2/24/2024,CUST1041,Loyal,Cologne,PROD6,2,56.99,113.98,0,0,113.98
ORD1848,2/24/2024,CUST1066,Loyal,Hamburg,PROD17,3,203.95,611.85,10,61.18,550.67
ORD1849,2/25/2024,CUST1005,Occasional,Berlin,PROD17,5,203.95,1019.75,0,0,1019.75
ORD1850,2/25/2024,CUST1092,Occasional,Cologne,PROD2,1,699.95,699.95,0,0,699.95
ORD1851,2/26/2024,CUST1034,Loyal,Berlin,PROD4,1,137.95,137.95,15,20.69,117.26
ORD1852,2/26/2024,CUST1020,Occasional,Frankfurt,PROD5,5,229.95,1149.75,0,0,1149.75
ORD1853,2/27/2024,CUST1077,Occasional,Munich,PROD12,2,29.99,59.98,0,0,59.98
ORD1854,2/28/2024,CUST1024,Occasional,Frankfurt,PROD12,2,29.99,59.98,0,0,59.98
ORD1855,2/29/2024,CUST1001,Occasional,Frankfurt,PROD16,5,116.99,584.95,0,0,584.95
ORD1856,3/1/2024,CUST1065,Occasional,Hamburg,PROD12,1,29.99,29.99,0,0,29.99
ORD1857,3/1/2024,CUST1071,Loyal,Hamburg,PROD11,4,155.95,623.8,0,0,623.8
ORD1858,3/1/2024,CUST1002,Occasional,Berlin,PROD7,3,21.95,65.85,0,0,65.85
ORD1859,3/2/2024,CUST1064,Occasional,Munich,PROD1,3,1164.99,3494.97,0,0,3494.97
ORD1860,3/3/2024,CUST1022,Loyal,Cologne,PROD3,4,324.95,1299.8,5,64.99,1234.81
ORD1861,3/4/2024,CUST1003,Occasional,Cologne,PROD4,5,137.95,689.75,0,0,689.75
ORD1862,3/4/2024,CUST1034,Occasional,Munich,PROD6,2,56.99,113.98,0,0,113.98
ORD1863,3/5/2024,CUST1052,Occasional,Berlin,PROD15,3,46.95,140.85,0,0,140.85
ORD1864,3/5/2024,CUST1053,Loyal,Frankfurt,PROD4,1,137.95,137.95,5,6.9,131.05
ORD1865,3/6/2024,CUST1033,Occasional,Frankfurt,PROD12,2,29.99,59.98,0,0,59.98
ORD1866,3/6/2024,CUST1003,Occasional,Frankfurt,PROD13,4,39.99,159.96,0,0,159.96
ORD1867,3/6/2024,CUST1007,Loyal,Munich,PROD6,2,56.99,113.98,10,11.4,102.58
ORD1868,3/7/2024,CUST1078,Occasional,Frankfurt,PROD3,4,324.95,1299.8,0,0,1299.8
ORD1869,3/8/2024,CUST1019,Occasional,Munich,PROD18,4,297.95,1191.8,0,0,1191.8
ORD1870,3/8/2024,CUST1050,Occasional,Hamburg,PROD2,4,699.95,2799.8,0,0,2799.8
ORD1871,3/9/2024,CUST1044,Loyal,Cologne,PROD9,3,20.99,62.97,0,0,62.97
ORD1872,3/10/2024,CUST1053,Loyal,Cologne,PROD16,3,116.99,350.97,0,0,350.97
ORD1873,3/11/2024,CUST1080,Loyal,Frankfurt,PROD13,4,39.99,159.96,10,16,143.96
ORD1874,3/11/2024,CUST1057,Occasional,Hamburg,PROD5,1,229.95,229.95,0,0,229.95
ORD1875,3/11/2024,CUST1071,Loyal,Cologne,PROD18,3,297.95,893.85,0,0,893.85
ORD1876,3/12/2024,CUST1011,Occasional,Cologne,PROD14,5,13.99,69.95,0,0,69.95
ORD1877,3/13/2024,CUST1058,Occasional,Munich,PROD3,3,324.95,974.85,0,0,974.85
ORD1878,3/14/2024,CUST1047,Loyal,Munich,PROD15,5,46.95,234.75,15,35.21,199.54
ORD1879,3/14/2024,CUST1023,Loyal,Cologne,PROD8,3,125.95,377.85,10,37.79,340.06
ORD1880,3/14/2024,CUST1071,Occasional,Hamburg,PROD17,5,203.95,1019.75,0,0,1019.75
ORD1881,3/15/2024,CUST1075,Occasional,Cologne,PROD10,1,71.99,71.99,0,0,71.99
ORD1882,3/15/2024,CUST1056,Occasional,Munich,PROD17,4,203.95,815.8,0,0,815.8
ORD1883,3/15/2024,CUST1091,Occasional,Berlin,PROD6,3,56.99,170.97,0,0,170.97
ORD1884,3/15/2024,CUST1095,Occasional,Munich,PROD2,4,699.95,2799.8,0,0,2799.8
ORD1885,3/15/2024,CUST1080,Loyal,Frankfurt,PROD15,3,46.95,140.85,0,0,140.85
ORD1886,3/15/2024,CUST1012,Occasional,Hamburg,PROD10,2,71.99,143.98,0,0,143.98
ORD1887,3/16/2024,CUST1016,Occasional,Frankfurt,PROD1,4,1164.99,4659.96,0,0,4659.96
ORD1888,3/17/2024,CUST1004,Occasional,Cologne,PROD1,4,1164.99,4659.96,0,0,4659.96
ORD1889,3/18/2024,CUST1028,Occasional,Berlin,PROD16,2,116.99,233.98,0,0,233.98
ORD1890,3/19/2024,CUST1032,Loyal,Frankfurt,PROD16,5,116.99,584.95,10,58.5,526.45
ORD1891,3/19/2024,CUST1074,Occasional,Frankfurt,PROD18,3,297.95,893.85,0,0,893.85
ORD1892,3/20/2024,CUST1096,Occasional,Frankfurt,PROD7,5,21.95,109.75,0,0,109.75
ORD1893,3/21/2024,CUST1054,Occasional,Berlin,PROD17,4,203.95,815.8,0,0,815.8
ORD1894,3/21/2024,CUST1060,Occasional,Berlin,PROD17,2,203.95,407.9,0,0,407.9
ORD1895,3/21/2024,CUST1089,Occasional,Hamburg,PROD4,5,137.95,689.75,0,0,689.75
ORD1896,3/21/2024,CUST1010,Occasional,Frankfurt,PROD5,1,229.95,229.95,0,0,229.95
ORD1897,3/22/2024,CUST1040,Occasional,Munich,PROD5,4,229.95,919.8,0,0,919.8
ORD1898,3/22/2024,CUST1024,Loyal,Munich,PROD18,2,297.95,595.9,15,89.38,506.52
ORD1899,3/22/2024,CUST1013,Occasional,Frankfurt,PROD3,3,324.95,974.85,0,0,974.85
ORD1900,3/23/2024,CUST1019,Occasional,Munich,PROD11,2,155.95,311.9,0,0,311.9
ORD1901,3/24/2024,CUST1049,Occasional,Frankfurt,PROD7,5,21.95,109.75,0,0,109.75
ORD1902,3/24/2024,CUST1026,Occasional,Munich,PROD13,5,39.99,199.95,0,0,199.95
ORD1903,3/24/2024,CUST1045,Loyal,Munich,PROD4,2,137.95,275.9,15,41.38,234.52
ORD1904,3/25/2024,CUST1095,Occasional,Hamburg,PROD10,5,71.99,359.95,0,0,359.95
ORD1905,3/25/2024,CUST1014,Occasional,Hamburg,PROD10,2,71.99,143.98,0,0,143.98
ORD1906,3/26/2024,CUST1032,Loyal,Cologne,PROD2,3,699.95,2099.85,0,0,2099.85
ORD1907,3/26/2024,CUST1009,Occasional,Hamburg,PROD16,4,116.99,467.96,0,0,467.96
ORD1908,3/27/2024,CUST1084,Occasional,Hamburg,PROD1,4,1164.99,4659.96,0,0,4659.96
ORD1909,3/27/2024,CUST1019,Occasional,Berlin,PROD5,4,229.95,919.8,0,0,919.8
ORD1910,3/28/2024,CUST1047,Occasional,Hamburg,PROD13,1,39.99,39.99,0,0,39.99
ORD1911,3/29/2024,CUST1050,Occasional,Frankfurt,PROD5,3,229.95,689.85,0,0,689.85
ORD1912,3/29/2024,CUST1002,Occasional,Cologne,PROD17,3,203.95,611.85,0,0,611.85
ORD1913,3/29/2024,CUST1041,Loyal,Cologne,PROD5,2,229.95,459.9,15,68.98,390.92
ORD1914,3/30/2024,CUST1044,Occasional,Hamburg,PROD1,2,1164.99,2329.98,0,0,2329.98
ORD1915,3/30/2024,CUST1087,Occasional,Munich,PROD8,5,125.95,629.75,0,0,629.75
ORD1916,3/31/2024,CUST1022,Occasional,Munich,PROD6,1,56.99,56.99,0,0,56.99
ORD1917,3/31/2024,CUST1047,Occasional,Munich,PROD18,4,297.95,1191.8,0,0,1191.8
ORD1918,4/1/2024,CUST1017,Occasional,Frankfurt,PROD17,1,203.95,203.95,0,0,203.95
ORD1919,4/1/2024,CUST1079,Occasional,Munich,PROD13,2,39.99,79.98,0,0,79.98
ORD1920,4/2/2024,CUST1076,Occasional,Frankfurt,PROD6,4,56.99,227.96,0,0,227.96
ORD1921,4/3/2024,CUST1078,Occasional,Munich,PROD7,5,21.95,109.75,0,0,109.75
ORD1922,4/4/2024,CUST1036,Occasional,Cologne,PROD8,1,125.95,125.95,0,0,125.95
ORD1923,4/5/2024,CUST1061,Occasional,Berlin,PROD6,4,56.99,227.96,0,0,227.96
ORD1924,4/6/2024,CUST1072,Occasional,Hamburg,PROD1,4,1164.99,4659.96,0,0,4659.96
ORD1925,4/6/2024,CUST1068,Occasional,Hamburg,PROD5,1,229.95,229.95,0,0,229.95
ORD1926,4/7/2024,CUST1029,Loyal,Berlin,PROD2,5,699.95,3499.75,10,349.98,3149.77
ORD1927,4/8/2024,CUST1081,Occasional,Berlin,PROD6,1,56.99,56.99,0,0,56.99
ORD1928,4/8/2024,CUST1051,Occasional,Hamburg,PROD6,4,56.99,227.96,0,0,227.96
ORD1929,4/8/2024,CUST1014,Loyal,Frankfurt,PROD7,1,21.95,21.95,0,0,21.95
ORD1930,4/8/2024,CUST1083,Occasional,Cologne,PROD15,1,46.95,46.95,0,0,46.95
ORD1931,4/8/2024,CUST1095,Occasional,Cologne,PROD11,1,155.95,155.95,0,0,155.95
ORD1932,4/8/2024,CUST1095,Loyal,Hamburg,PROD7,4,21.95,87.8,10,8.78,79.02
ORD1933,4/8/2024,CUST1007,Occasional,Frankfurt,PROD8,1,125.95,125.95,0,0,125.95
ORD1934,4/8/2024,CUST1059,Occasional,Munich,PROD9,4,20.99,83.96,0,0,83.96
ORD1935,4/9/2024,CUST1044,Occasional,Berlin,PROD3,3,324.95,974.85,0,0,974.85
ORD1936,4/9/2024,CUST1052,Occasional,Munich,PROD10,5,71.99,359.95,0,0,359.95
ORD1937,4/9/2024,CUST1046,Occasional,Frankfurt,PROD12,3,29.99,89.97,0,0,89.97
ORD1938,4/9/2024,CUST1090,Occasional,Munich,PROD15,4,46.95,187.8,0,0,187.8
ORD1939,4/9/2024,CUST1014,Occasional,Munich,PROD6,3,56.99,170.97,0,0,170.97
ORD1940,4/10/2024,CUST1076,Occasional,Frankfurt,PROD15,2,46.95,93.9,0,0,93.9
ORD1941,4/11/2024,CUST1038,Occasional,Hamburg,PROD5,1,229.95,229.95,0,0,229.95
ORD1942,4/12/2024,CUST1015,Occasional,Frankfurt,PROD7,3,21.95,65.85,0,0,65.85
ORD1943,4/13/2024,CUST1020,Occasional,Berlin,PROD14,5,13.99,69.95,0,0,69.95
ORD1944,4/13/2024,CUST1011,Occasional,Frankfurt,PROD16,5,116.99,584.95,0,0,584.95
ORD1945,4/14/2024,CUST1028,Occasional,Cologne,PROD10,2,71.99,143.98,0,0,143.98
ORD1946,4/15/2024,CUST1080,Occasional,Munich,PROD18,5,297.95,1489.75,0,0,1489.75
ORD1947,4/16/2024,CUST1027,Occasional,Berlin,PROD4,5,137.95,689.75,0,0,689.75
ORD1948,4/17/2024,CUST1012,Occasional,Cologne,PROD3,2,324.95,649.9,0,0,649.9
ORD1949,4/17/2024,CUST1095,Occasional,Cologne,PROD7,2,21.95,43.9,0,0,43.9
ORD1950,4/17/2024,CUST1022,Occasional,Frankfurt,PROD5,2,229.95,459.9,0,0,459.9
ORD1951,4/18/2024,CUST1061,Occasional,Frankfurt,PROD12,2,29.99,59.98,0,0,59.98
ORD1952,4/19/2024,CUST1058,Occasional,Munich,PROD13,3,39.99,119.97,0,0,119.97
ORD1953,4/20/2024,CUST1095,Occasional,Cologne,PROD10,1,71.99,71.99,0,0,71.99
ORD1954,4/21/2024,CUST1030,Loyal,Munich,PROD9,5,20.99,104.95,5,5.25,99.7
ORD1955,4/21/2024,CUST1050,Occasional,Munich,PROD1,3,1164.99,3494.97,0,0,3494.97
ORD1956,4/22/2024,CUST1012,Occasional,Berlin,PROD9,5,20.99,104.95,0,0,104.95
ORD1957,4/23/2024,CUST1030,Occasional,Cologne,PROD6,4,56.99,227.96,0,0,227.96
ORD1958,4/24/2024,CUST1041,Occasional,Munich,PROD5,2,229.95,459.9,0,0,459.9
ORD1959,4/25/2024,CUST1033,Loyal,Berlin,PROD18,5,297.95,1489.75,10,148.98,1340.77
ORD1960,4/25/2024,CUST1083,Loyal,Frankfurt,PROD10,3,71.99,215.97,0,0,215.97
ORD1961,4/25/2024,CUST1082,Occasional,Munich,PROD13,5,39.99,199.95,0,0,199.95
ORD1962,4/25/2024,CUST1095,Occasional,Munich,PROD9,5,20.99,104.95,0,0,104.95
ORD1963,4/25/2024,CUST1073,Loyal,Cologne,PROD15,4,46.95,187.8,10,18.78,169.02
ORD1964,4/25/2024,CUST1051,Loyal,Cologne,PROD11,5,155.95,779.75,15,116.96,662.79
ORD1965,4/26/2024,CUST1016,Occasional,Berlin,PROD13,2,39.99,79.98,0,0,79.98
ORD1966,4/26/2024,CUST1018,Occasional,Frankfurt,PROD4,5,137.95,689.75,0,0,689.75
ORD1967,4/26/2024,CUST1037,Occasional,Berlin,PROD12,1,29.99,29.99,0,0,29.99
ORD1968,4/27/2024,CUST1026,Occasional,Berlin,PROD3,3,324.95,974.85,0,0,974.85
ORD1969,4/28/2024,CUST1036,Occasional,Frankfurt,PROD4,1,137.95,137.95,0,0,137.95
ORD1970,4/29/2024,CUST1006,Occasional,Munich,PROD10,4,71.99,287.96,0,0,287.96
ORD1971,4/29/2024,CUST1089,Loyal,Berlin,PROD4,2,137.95,275.9,5,13.8,262.1
ORD1972,4/30/2024,CUST1081,Occasional,Munich,PROD15,3,46.95,140.85,0,0,140.85
ORD1973,4/30/2024,CUST1024,Occasional,Cologne,PROD16,5,116.99,584.95,0,0,584.95
ORD1974,5/1/2024,CUST1040,Loyal,Frankfurt,PROD13,5,39.99,199.95,0,0,199.95
ORD1975,5/2/2024,CUST1048,Occasional,Frankfurt,PROD6,4,56.99,227.96,0,0,227.96
ORD1976,5/3/2024,CUST1003,Occasional,Munich,PROD3,4,324.95,1299.8,0,0,1299.8
ORD1977,5/3/2024,CUST1053,Occasional,Munich,PROD17,4,203.95,815.8,0,0,815.8
ORD1978,5/3/2024,CUST1021,Occasional,Frankfurt,PROD14,4,13.99,55.96,0,0,55.96
ORD1979,5/4/2024,CUST1091,Loyal,Munich,PROD3,3,324.95,974.85,10,97.49,877.36
ORD1980,5/5/2024,CUST1033,Occasional,Hamburg,PROD10,1,71.99,71.99,0,0,71.99
ORD1981,5/6/2024,CUST1087,Occasional,Frankfurt,PROD13,1,39.99,39.99,0,0,39.99
ORD1982,5/6/2024,CUST1054,Loyal,Munich,PROD8,3,125.95,377.85,0,0,377.85
ORD1983,5/6/2024,CUST1039,Occasional,Frankfurt,PROD10,5,71.99,359.95,0,0,359.95
ORD1984,5/7/2024,CUST1053,Occasional,Berlin,PROD9,3,20.99,62.97,0,0,62.97
ORD1985,5/8/2024,CUST1029,Occasional,Hamburg,PROD15,1,46.95,46.95,0,0,46.95
ORD1986,5/8/2024,CUST1010,Occasional,Frankfurt,PROD8,2,125.95,251.9,0,0,251.9
ORD1987,5/9/2024,CUST1041,Occasional,Berlin,PROD5,4,229.95,919.8,0,0,919.8
ORD1988,5/10/2024,CUST1077,Occasional,Munich,PROD13,1,39.99,39.99,0,0,39.99
ORD1989,5/11/2024,CUST1023,Occasional,Hamburg,PROD8,3,125.95,377.85,0,0,377.85
ORD1990,5/12/2024,CUST1012,Occasional,Hamburg,PROD9,4,20.99,83.96,0,0,83.96
ORD1991,5/13/2024,CUST1010,Loyal,Berlin,PROD15,3,46.95,140.85,5,7.04,133.81
ORD1992,5/14/2024,CUST1073,Occasional,Frankfurt,PROD17,4,203.95,815.8,0,0,815.8
ORD1993,5/15/2024,CUST1052,Loyal,Berlin,PROD3,2,324.95,649.9,0,0,649.9
ORD1994,5/15/2024,CUST1022,Occasional,Berlin,PROD1,3,1164.99,3494.97,0,0,3494.97
ORD1995,5/16/2024,CUST1006,Loyal,Hamburg,PROD5,3,229.95,689.85,10,68.98,620.87
ORD1996,5/17/2024,CUST1067,Occasional,Munich,PROD8,4,125.95,503.8,0,0,503.8
ORD1997,5/18/2024,CUST1079,Occasional,Frankfurt,PROD7,2,21.95,43.9,0,0,43.9
ORD1998,5/19/2024,CUST1003,Occasional,Cologne,PROD7,2,21.95,43.9,0,0,43.9
ORD1999,5/20/2024,CUST1067,Occasional,Munich,PROD13,5,39.99,199.95,0,0,199.95
ORD2000,5/20/2024,CUST1095,Occasional,Munich,PROD5,5,229.95,1149.75,0,0,1149.75
ORD2001,5/20/2024,CUST1025,Loyal,Frankfurt,PROD8,3,125.95,377.85,0,0,377.85
ORD2002,5/20/2024,CUST1033,Loyal,Cologne,PROD6,5,56.99,284.95,10,28.5,256.45
ORD2003,5/20/2024,CUST1087,Occasional,Hamburg,PROD2,4,699.95,2799.8,0,0,2799.8
ORD2004,5/20/2024,CUST1013,Loyal,Frankfurt,PROD2,1,699.95,699.95,10,70,629.95
ORD2005,5/20/2024,CUST1039,Occasional,Berlin,PROD17,3,203.95,611.85,0,0,611.85
ORD2006,5/20/2024,CUST1024,Loyal,Munich,PROD16,2,116.99,233.98,0,0,233.98
ORD2007,5/21/2024,CUST1099,Loyal,Cologne,PROD11,1,155.95,155.95,0,0,155.95
ORD2008,5/22/2024,CUST1014,Occasional,Frankfurt,PROD9,3,20.99,62.97,0,0,62.97
ORD2009,5/23/2024,CUST1034,Occasional,Hamburg,PROD5,1,229.95,229.95,0,0,229.95
ORD2010,5/24/2024,CUST1067,Occasional,Hamburg,PROD11,2,155.95,311.9,0,0,311.9
ORD2011,5/25/2024,CUST1021,Occasional,Berlin,PROD12,4,29.99,119.96,0,0,119.96
ORD2012,5/25/2024,CUST1031,Occasional,Berlin,PROD10,5,71.99,359.95,0,0,359.95
ORD2013,5/26/2024,CUST1063,Occasional,Munich,PROD8,3,125.95,377.85,0,0,377.85
ORD2014,5/27/2024,CUST1070,Occasional,Hamburg,PROD11,5,155.95,779.75,0,0,779.75
ORD2015,5/27/2024,CUST1008,Occasional,Hamburg,PROD12,1,29.99,29.99,0,0,29.99
ORD2016,5/27/2024,CUST1026,Occasional,Hamburg,PROD10,4,71.99,287.96,0,0,287.96
ORD2017,5/27/2024,CUST1023,Occasional,Berlin,PROD4,5,137.95,689.75,0,0,689.75
ORD2018,5/27/2024,CUST1044,Occasional,Cologne,PROD17,4,203.95,815.8,0,0,815.8
ORD2019,5/27/2024,CUST1080,Occasional,Berlin,PROD2,1,699.95,699.95,0,0,699.95
ORD2020,5/28/2024,CUST1013,Loyal,Frankfurt,PROD14,5,13.99,69.95,0,0,69.95
ORD2021,5/29/2024,CUST1092,Occasional,Munich,PROD18,3,297.95,893.85,0,0,893.85
ORD2022,5/30/2024,CUST1092,Occasional,Berlin,PROD8,3,125.95,377.85,0,0,377.85
ORD2023,5/31/2024,CUST1095,Occasional,Cologne,PROD11,5,155.95,779.75,0,0,779.75
ORD2024,5/31/2024,CUST1016,Occasional,Berlin,PROD9,4,20.99,83.96,0,0,83.96
ORD2025,6/1/2024,CUST1059,Occasional,Frankfurt,PROD4,5,137.95,689.75,0,0,689.75
ORD2026,6/2/2024,CUST1091,Occasional,Berlin,PROD1,5,1164.99,5824.95,0,0,5824.95
ORD2027,6/2/2024,CUST1086,Loyal,Munich,PROD3,1,324.95,324.95,0,0,324.95
ORD2028,6/2/2024,CUST1014,Occasional,Cologne,PROD6,3,56.99,170.97,0,0,170.97
ORD2029,6/3/2024,CUST1069,Loyal,Munich,PROD6,2,56.99,113.98,15,17.1,96.88
ORD2030,6/4/2024,CUST1050,Occasional,Munich,PROD15,3,46.95,140.85,0,0,140.85
ORD2031,6/5/2024,CUST1000,Occasional,Munich,PROD8,1,125.95,125.95,0,0,125.95
ORD2032,6/5/2024,CUST1013,Occasional,Berlin,PROD13,2,39.99,79.98,0,0,79.98
ORD2033,6/5/2024,CUST1048,Occasional,Cologne,PROD1,4,1164.99,4659.96,0,0,4659.96
ORD2034,6/6/2024,CUST1079,Occasional,Berlin,PROD17,4,203.95,815.8,0,0,815.8
ORD2035,6/6/2024,CUST1017,Occasional,Munich,PROD8,1,125.95,125.95,0,0,125.95
ORD2036,6/7/2024,CUST1013,Loyal,Berlin,PROD5,1,229.95,229.95,0,0,229.95
ORD2037,6/7/2024,CUST1037,Occasional,Frankfurt,PROD7,3,21.95,65.85,0,0,65.85
ORD2038,6/8/2024,CUST1079,Occasional,Frankfurt,PROD14,5,13.99,69.95,0,0,69.95
ORD2039,6/9/2024,CUST1077,Loyal,Munich,PROD15,4,46.95,187.8,10,18.78,169.02
ORD2040,6/9/2024,CUST1015,Occasional,Berlin,PROD13,1,39.99,39.99,0,0,39.99
ORD2041,6/9/2024,CUST1082,Occasional,Berlin,PROD17,3,203.95,611.85,0,0,611.85
ORD2042,6/10/2024,CUST1019,Loyal,Cologne,PROD1,2,1164.99,2329.98,0,0,2329.98
ORD2043,6/10/2024,CUST1081,Loyal,Berlin,PROD18,1,297.95,297.95,0,0,297.95
ORD2044,6/10/2024,CUST1021,Occasional,Hamburg,PROD7,2,21.95,43.9,0,0,43.9
ORD2045,6/10/2024,CUST1043,Occasional,Munich,PROD9,4,20.99,83.96,0,0,83.96
ORD2046,6/10/2024,CUST1020,Occasional,Cologne,PROD8,3,125.95,377.85,0,0,377.85
ORD2047,6/10/2024,CUST1094,Occasional,Munich,PROD14,1,13.99,13.99,0,0,13.99
ORD2048,6/10/2024,CUST1056,Occasional,Frankfurt,PROD2,2,699.95,1399.9,0,0,1399.9
ORD2049,6/10/2024,CUST1046,Occasional,Frankfurt,PROD8,2,125.95,251.9,0,0,251.9
ORD2050,6/11/2024,CUST1002,Occasional,Hamburg,PROD7,1,21.95,21.95,0,0,21.95
ORD2051,6/11/2024,CUST1000,Occasional,Frankfurt,PROD16,1,116.99,116.99,0,0,116.99
ORD2052,6/12/2024,CUST1037,Occasional,Cologne,PROD18,4,297.95,1191.8,0,0,1191.8
ORD2053,6/13/2024,CUST1060,Loyal,Cologne,PROD4,5,137.95,689.75,10,68.98,620.77
ORD2054,6/14/2024,CUST1063,Occasional,Hamburg,PROD14,4,13.99,55.96,0,0,55.96
ORD2055,6/15/2024,CUST1065,Occasional,Hamburg,PROD7,1,21.95,21.95,0,0,21.95
ORD2056,6/15/2024,CUST1074,Occasional,Frankfurt,PROD5,5,229.95,1149.75,0,0,1149.75
ORD2057,6/15/2024,CUST1037,Occasional,Frankfurt,PROD16,3,116.99,350.97,0,0,350.97
ORD2058,6/16/2024,CUST1087,Occasional,Berlin,PROD15,2,46.95,93.9,0,0,93.9
ORD2059,6/16/2024,CUST1003,Occasional,Frankfurt,PROD3,3,324.95,974.85,0,0,974.85
ORD2060,6/16/2024,CUST1067,Occasional,Cologne,PROD5,3,229.95,689.85,0,0,689.85
ORD2061,6/17/2024,CUST1060,Occasional,Hamburg,PROD3,5,324.95,1624.75,0,0,1624.75
ORD2062,6/17/2024,CUST1076,Occasional,Frankfurt,PROD4,2,137.95,275.9,0,0,275.9
ORD2063,6/18/2024,CUST1075,Occasional,Munich,PROD17,2,203.95,407.9,0,0,407.9
ORD2064,6/19/2024,CUST1093,Occasional,Berlin,PROD14,2,13.99,27.98,0,0,27.98
ORD2065,6/19/2024,CUST1032,Occasional,Berlin,PROD2,2,699.95,1399.9,0,0,1399.9
ORD2066,6/20/2024,CUST1078,Occasional,Hamburg,PROD3,4,324.95,1299.8,0,0,1299.8
ORD2067,6/20/2024,CUST1056,Loyal,Munich,PROD13,5,39.99,199.95,5,10,189.95
ORD2068,6/21/2024,CUST1027,Occasional,Munich,PROD7,4,21.95,87.8,0,0,87.8
ORD2069,6/21/2024,CUST1037,Occasional,Munich,PROD9,3,20.99,62.97,0,0,62.97
ORD2070,6/21/2024,CUST1035,Occasional,Frankfurt,PROD6,4,56.99,227.96,0,0,227.96
ORD2071,6/22/2024,CUST1094,Occasional,Cologne,PROD12,5,29.99,149.95,0,0,149.95
ORD2072,6/22/2024,CUST1003,Occasional,Cologne,PROD4,2,137.95,275.9,0,0,275.9
ORD2073,6/23/2024,CUST1046,Loyal,Berlin,PROD6,4,56.99,227.96,10,22.8,205.16
ORD2074,6/24/2024,CUST1039,Occasional,Hamburg,PROD10,2,71.99,143.98,0,0,143.98
ORD2075,6/24/2024,CUST1058,Occasional,Berlin,PROD5,5,229.95,1149.75,0,0,1149.75
ORD2076,6/24/2024,CUST1019,Occasional,Berlin,PROD8,2,125.95,251.9,0,0,251.9
ORD2077,6/24/2024,CUST1085,Occasional,Berlin,PROD7,1,21.95,21.95,0,0,21.95
ORD2078,6/25/2024,CUST1042,Occasional,Munich,PROD2,4,699.95,2799.8,0,0,2799.8
ORD2079,6/26/2024,CUST1038,Loyal,Frankfurt,PROD2,3,699.95,2099.85,0,0,2099.85
ORD2080,6/27/2024,CUST1009,Occasional,Berlin,PROD4,5,137.95,689.75,0,0,689.75
ORD2081,6/27/2024,CUST1081,Loyal,Hamburg,PROD16,1,116.99,116.99,5,5.85,111.14
ORD2082,6/28/2024,CUST1022,Occasional,Munich,PROD1,4,1164.99,4659.96,0,0,4659.96
ORD2083,6/28/2024,CUST1077,Loyal,Cologne,PROD16,3,116.99,350.97,15,52.65,298.32
ORD2084,6/28/2024,CUST1095,Occasional,Berlin,PROD11,4,155.95,623.8,0,0,623.8
ORD2085,6/29/2024,CUST1078,Occasional,Hamburg,PROD12,5,29.99,149.95,0,0,149.95
ORD2086,6/30/2024,CUST1056,Occasional,Frankfurt,PROD17,2,203.95,407.9,0,0,407.9
ORD2087,6/30/2024,CUST1030,Occasional,Cologne,PROD11,3,155.95,467.85,0,0,467.85
ORD2088,6/30/2024,CUST1089,Occasional,Berlin,PROD9,1,20.99,20.99,0,0,20.99
ORD2089,6/30/2024,CUST1064,Occasional,Cologne,PROD5,2,229.95,459.9,0,0,459.9
ORD2090,7/1/2024,CUST1021,Loyal,Munich,PROD15,5,46.95,234.75,0,0,234.75
ORD2091,7/1/2024,CUST1072,Loyal,Berlin,PROD5,4,229.95,919.8,0,0,919.8
ORD2092,7/2/2024,CUST1072,Occasional,Frankfurt,PROD8,2,125.95,251.9,0,0,251.9
ORD2093,7/2/2024,CUST1086,Occasional,Cologne,PROD1,4,1164.99,4659.96,0,0,4659.96
ORD2094,7/2/2024,CUST1084,Loyal,Berlin,PROD5,2,229.95,459.9,0,0,459.9
ORD2095,7/3/2024,CUST1027,Occasional,Munich,PROD12,3,29.99,89.97,0,0,89.97
ORD2096,7/3/2024,CUST1020,Loyal,Cologne,PROD3,1,324.95,324.95,15,48.74,276.21
ORD2097,7/3/2024,CUST1031,Occasional,Berlin,PROD9,1,20.99,20.99,0,0,20.99
ORD2098,7/3/2024,CUST1005,Occasional,Hamburg,PROD17,3,203.95,611.85,0,0,611.85
ORD2099,7/4/2024,CUST1048,Loyal,Berlin,PROD1,4,1164.99,4659.96,15,698.99,3960.97
ORD2100,7/4/2024,CUST1060,Occasional,Cologne,PROD3,3,324.95,974.85,0,0,974.85
ORD2101,7/5/2024,CUST1089,Occasional,Hamburg,PROD17,2,203.95,407.9,0,0,407.9
ORD2102,7/6/2024,CUST1039,Occasional,Cologne,PROD8,1,125.95,125.95,0,0,125.95
ORD2103,7/7/2024,CUST1078,Loyal,Hamburg,PROD13,2,39.99,79.98,0,0,79.98
ORD2104,7/8/2024,CUST1061,Occasional,Munich,PROD7,4,21.95,87.8,0,0,87.8
ORD2105,7/8/2024,CUST1015,Occasional,Hamburg,PROD18,4,297.95,1191.8,0,0,1191.8
ORD2106,7/9/2024,CUST1017,Occasional,Cologne,PROD9,5,20.99,104.95,0,0,104.95
ORD2107,7/9/2024,CUST1061,Occasional,Munich,PROD6,5,56.99,284.95,0,0,284.95
ORD2108,7/9/2024,CUST1094,Occasional,Frankfurt,PROD13,1,39.99,39.99,0,0,39.99
ORD2109,7/9/2024,CUST1006,Loyal,Hamburg,PROD1,4,1164.99,4659.96,0,0,4659.96
ORD2110,7/10/2024,CUST1009,Occasional,Frankfurt,PROD9,5,20.99,104.95,0,0,104.95
ORD2111,7/10/2024,CUST1074,Occasional,Hamburg,PROD13,5,39.99,199.95,0,0,199.95
ORD2112,7/11/2024,CUST1049,Loyal,Cologne,PROD13,4,39.99,159.96,5,8,151.96
ORD2113,7/12/2024,CUST1069,Loyal,Cologne,PROD16,5,116.99,584.95,5,29.25,555.7
ORD2114,7/13/2024,CUST1051,Occasional,Cologne,PROD8,2,125.95,251.9,0,0,251.9
ORD2115,7/14/2024,CUST1024,Occasional,Berlin,PROD16,1,116.99,116.99,0,0,116.99
ORD2116,7/15/2024,CUST1080,Occasional,Frankfurt,PROD6,4,56.99,227.96,0,0,227.96
ORD2117,7/16/2024,CUST1033,Occasional,Frankfurt,PROD2,3,699.95,2099.85,0,0,2099.85
ORD2118,7/16/2024,CUST1030,Occasional,Berlin,PROD10,2,71.99,143.98,0,0,143.98
ORD2119,7/17/2024,CUST1096,Occasional,Munich,PROD13,3,39.99,119.97,0,0,119.97
ORD2120,7/17/2024,CUST1009,Occasional,Hamburg,PROD9,4,20.99,83.96,0,0,83.96
ORD2121,7/18/2024,CUST1023,Occasional,Berlin,PROD15,4,46.95,187.8,0,0,187.8
ORD2122,7/18/2024,CUST1029,Occasional,Berlin,PROD5,4,229.95,919.8,0,0,919.8
ORD2123,7/18/2024,CUST1023,Loyal,Frankfurt,PROD12,3,29.99,89.97,0,0,89.97
ORD2124,7/18/2024,CUST1032,Occasional,Hamburg,PROD17,4,203.95,815.8,0,0,815.8
ORD2125,7/19/2024,CUST1024,Occasional,Munich,PROD10,1,71.99,71.99,0,0,71.99
ORD2126,7/20/2024,CUST1047,Occasional,Cologne,PROD13,3,39.99,119.97,0,0,119.97
ORD2127,7/21/2024,CUST1019,Occasional,Cologne,PROD11,4,155.95,623.8,0,0,623.8
ORD2128,7/21/2024,CUST1020,Occasional,Hamburg,PROD3,1,324.95,324.95,0,0,324.95
ORD2129,7/21/2024,CUST1061,Occasional,Berlin,PROD1,3,1164.99,3494.97,0,0,3494.97
ORD2130,7/22/2024,CUST1053,Occasional,Hamburg,PROD17,2,203.95,407.9,0,0,407.9
ORD2131,7/23/2024,CUST1052,Occasional,Cologne,PROD10,1,71.99,71.99,0,0,71.99
ORD2132,7/23/2024,CUST1053,Loyal,Hamburg,PROD6,2,56.99,113.98,15,17.1,96.88
ORD2133,7/24/2024,CUST1058,Occasional,Munich,PROD5,4,229.95,919.8,0,0,919.8
ORD2134,7/25/2024,CUST1066,Loyal,Frankfurt,PROD18,4,297.95,1191.8,10,119.18,1072.62
ORD2135,7/26/2024,CUST1088,Occasional,Munich,PROD4,1,137.95,137.95,0,0,137.95
ORD2136,7/26/2024,CUST1008,Occasional,Cologne,PROD18,1,297.95,297.95,0,0,297.95
ORD2137,7/26/2024,CUST1012,Occasional,Hamburg,PROD3,1,324.95,324.95,0,0,324.95
ORD2138,7/27/2024,CUST1071,Occasional,Munich,PROD7,3,21.95,65.85,0,0,65.85
ORD2139,7/28/2024,CUST1089,Occasional,Munich,PROD14,5,13.99,69.95,0,0,69.95
ORD2140,7/28/2024,CUST1057,Loyal,Munich,PROD12,4,29.99,119.96,15,17.99,101.97
ORD2141,7/28/2024,CUST1039,Occasional,Cologne,PROD11,5,155.95,779.75,0,0,779.75
ORD2142,7/29/2024,CUST1001,Occasional,Berlin,PROD5,1,229.95,229.95,0,0,229.95
ORD2143,7/30/2024,CUST1091,Occasional,Hamburg,PROD12,4,29.99,119.96,0,0,119.96
ORD2144,7/30/2024,CUST1067,Loyal,Berlin,PROD15,3,46.95,140.85,15,21.13,119.72
ORD2145,7/30/2024,CUST1009,Occasional,Berlin,PROD13,1,39.99,39.99,0,0,39.99
ORD2146,7/31/2024,CUST1038,Occasional,Cologne,PROD3,3,324.95,974.85,0,0,974.85
ORD2147,7/31/2024,CUST1022,Occasional,Berlin,PROD18,5,297.95,1489.75,0,0,1489.75
ORD2148,7/31/2024,CUST1065,Occasional,Berlin,PROD18,3,297.95,893.85,0,0,893.85
ORD2149,7/31/2024,CUST1066,Occasional,Hamburg,PROD11,3,155.95,467.85,0,0,467.85
ORD2150,7/31/2024,CUST1091,Occasional,Munich,PROD3,3,324.95,974.85,0,0,974.85
ORD2151,7/31/2024,CUST1096,Loyal,Berlin,PROD16,5,116.99,584.95,10,58.5,526.45
ORD2152,8/1/2024,CUST1050,Occasional,Munich,PROD9,1,20.99,20.99,0,0,20.99
ORD2153,8/2/2024,CUST1082,Loyal,Munich,PROD6,4,56.99,227.96,0,0,227.96
ORD2154,8/2/2024,CUST1032,Occasional,Munich,PROD3,3,324.95,974.85,0,0,974.85
ORD2155,8/3/2024,CUST1096,Occasional,Munich,PROD14,1,13.99,13.99,0,0,13.99
ORD2156,8/4/2024,CUST1009,Occasional,Frankfurt,PROD16,2,116.99,233.98,0,0,233.98
ORD2157,8/4/2024,CUST1092,Occasional,Cologne,PROD18,3,297.95,893.85,0,0,893.85
ORD2158,8/5/2024,CUST1021,Occasional,Cologne,PROD12,5,29.99,149.95,0,0,149.95
ORD2159,8/6/2024,CUST1089,Occasional,Munich,PROD11,4,155.95,623.8,0,0,623.8
ORD2160,8/6/2024,CUST1076,Occasional,Cologne,PROD10,1,71.99,71.99,0,0,71.99
ORD2161,8/6/2024,CUST1002,Occasional,Cologne,PROD16,5,116.99,584.95,0,0,584.95
ORD2162,8/6/2024,CUST1007,Occasional,Munich,PROD18,4,297.95,1191.8,0,0,1191.8
ORD2163,8/6/2024,CUST1001,Occasional,Munich,PROD2,1,699.95,699.95,0,0,699.95
ORD2164,8/7/2024,CUST1079,Occasional,Cologne,PROD6,5,56.99,284.95,0,0,284.95
ORD2165,8/8/2024,CUST1096,Occasional,Hamburg,PROD18,4,297.95,1191.8,0,0,1191.8
ORD2166,8/8/2024,CUST1052,Occasional,Frankfurt,PROD17,3,203.95,611.85,0,0,611.85
ORD2167,8/8/2024,CUST1008,Loyal,Berlin,PROD12,5,29.99,149.95,5,7.5,142.45
ORD2168,8/9/2024,CUST1036,Occasional,Cologne,PROD5,2,229.95,459.9,0,0,459.9
ORD2169,8/9/2024,CUST1026,Loyal,Hamburg,PROD2,1,699.95,699.95,10,70,629.95
ORD2170,8/10/2024,CUST1071,Occasional,Cologne,PROD4,1,137.95,137.95,0,0,137.95
ORD2171,8/11/2024,CUST1080,Occasional,Cologne,PROD11,1,155.95,155.95,0,0,155.95
ORD2172,8/11/2024,CUST1047,Loyal,Cologne,PROD9,2,20.99,41.98,0,0,41.98
ORD2173,8/12/2024,CUST1044,Occasional,Berlin,PROD4,3,137.95,413.85,0,0,413.85
ORD2174,8/12/2024,CUST1064,Occasional,Berlin,PROD7,3,21.95,65.85,0,0,65.85
ORD2175,8/12/2024,CUST1009,Occasional,Berlin,PROD2,4,699.95,2799.8,0,0,2799.8
ORD2176,8/12/2024,CUST1069,Occasional,Cologne,PROD16,2,116.99,233.98,0,0,233.98
ORD2177,8/12/2024,CUST1063,Occasional,Cologne,PROD5,3,229.95,689.85,0,0,689.85
ORD2178,8/12/2024,CUST1037,Occasional,Hamburg,PROD7,1,21.95,21.95,0,0,21.95
ORD2179,8/13/2024,CUST1058,Occasional,Hamburg,PROD18,1,297.95,297.95,0,0,297.95
ORD2180,8/14/2024,CUST1021,Occasional,Frankfurt,PROD2,2,699.95,1399.9,0,0,1399.9
ORD2181,8/14/2024,CUST1001,Occasional,Berlin,PROD17,5,203.95,1019.75,0,0,1019.75
ORD2182,8/14/2024,CUST1073,Loyal,Berlin,PROD3,5,324.95,1624.75,5,81.24,1543.51
ORD2183,8/14/2024,CUST1050,Occasional,Frankfurt,PROD11,2,155.95,311.9,0,0,311.9
ORD2184,8/15/2024,CUST1052,Loyal,Munich,PROD1,3,1164.99,3494.97,10,349.5,3145.47
ORD2185,8/16/2024,CUST1099,Occasional,Berlin,PROD15,1,46.95,46.95,0,0,46.95
ORD2186,8/17/2024,CUST1059,Loyal,Berlin,PROD15,4,46.95,187.8,15,28.17,159.63
ORD2187,8/17/2024,CUST1047,Loyal,Munich,PROD17,2,203.95,407.9,0,0,407.9
ORD2188,8/17/2024,CUST1091,Occasional,Frankfurt,PROD6,3,56.99,170.97,0,0,170.97
ORD2189,8/17/2024,CUST1041,Occasional,Munich,PROD16,1,116.99,116.99,0,0,116.99
ORD2190,8/17/2024,CUST1037,Loyal,Hamburg,PROD3,1,324.95,324.95,5,16.25,308.7
ORD2191,8/18/2024,CUST1072,Loyal,Hamburg,PROD7,4,21.95,87.8,0,0,87.8
ORD2192,8/18/2024,CUST1005,Occasional,Frankfurt,PROD15,1,46.95,46.95,0,0,46.95
ORD2193,8/18/2024,CUST1047,Occasional,Hamburg,PROD9,1,20.99,20.99,0,0,20.99
ORD2194,8/18/2024,CUST1051,Loyal,Hamburg,PROD14,4,13.99,55.96,0,0,55.96
ORD2195,8/18/2024,CUST1062,Loyal,Berlin,PROD13,4,39.99,159.96,10,16,143.96
ORD2196,8/18/2024,CUST1070,Loyal,Munich,PROD14,1,13.99,13.99,10,1.4,12.59
ORD2197,8/19/2024,CUST1084,Occasional,Berlin,PROD14,3,13.99,41.97,0,0,41.97
ORD2198,8/19/2024,CUST1021,Occasional,Frankfurt,PROD1,1,1164.99,1164.99,0,0,1164.99
ORD2199,8/19/2024,CUST1060,Occasional,Cologne,PROD15,3,46.95,140.85,0,0,140.85
ORD2200,8/19/2024,CUST1093,Loyal,Cologne,PROD5,4,229.95,919.8,0,0,919.8
ORD2201,8/19/2024,CUST1045,Loyal,Berlin,PROD16,3,116.99,350.97,5,17.55,333.42
ORD2202,8/20/2024,CUST1053,Occasional,Cologne,PROD13,1,39.99,39.99,0,0,39.99
ORD2203,8/20/2024,CUST1006,Occasional,Berlin,PROD18,1,297.95,297.95,0,0,297.95
ORD2204,8/21/2024,CUST1095,Occasional,Cologne,PROD2,5,699.95,3499.75,0,0,3499.75
ORD2205,8/21/2024,CUST1098,Loyal,Hamburg,PROD1,5,1164.99,5824.95,5,291.25,5533.7
ORD2206,8/22/2024,CUST1046,Occasional,Hamburg,PROD14,2,13.99,27.98,0,0,27.98
ORD2207,8/23/2024,CUST1087,Loyal,Cologne,PROD12,3,29.99,89.97,0,0,89.97
ORD2208,8/24/2024,CUST1095,Occasional,Berlin,PROD8,3,125.95,377.85,0,0,377.85
ORD2209,8/24/2024,CUST1069,Occasional,Berlin,PROD14,5,13.99,69.95,0,0,69.95
ORD2210,8/24/2024,CUST1021,Occasional,Berlin,PROD16,5,116.99,584.95,0,0,584.95
ORD2211,8/24/2024,CUST1030,Loyal,Hamburg,PROD9,2,20.99,41.98,15,6.3,35.68
ORD2212,8/24/2024,CUST1066,Occasional,Berlin,PROD9,5,20.99,104.95,0,0,104.95
ORD2213,8/24/2024,CUST1023,Occasional,Frankfurt,PROD10,1,71.99,71.99,0,0,71.99
ORD2214,8/24/2024,CUST1000,Occasional,Hamburg,PROD4,5,137.95,689.75,0,0,689.75
ORD2215,8/25/2024,CUST1092,Occasional,Hamburg,PROD9,4,20.99,83.96,0,0,83.96
ORD2216,8/25/2024,CUST1019,Occasional,Hamburg,PROD11,3,155.95,467.85,0,0,467.85
ORD2217,8/26/2024,CUST1016,Occasional,Berlin,PROD8,2,125.95,251.9,0,0,251.9
ORD2218,8/27/2024,CUST1023,Occasional,Cologne,PROD2,4,699.95,2799.8,0,0,2799.8
ORD2219,8/28/2024,CUST1097,Occasional,Frankfurt,PROD1,3,1164.99,3494.97,0,0,3494.97
ORD2220,8/29/2024,CUST1036,Loyal,Munich,PROD7,3,21.95,65.85,15,9.88,55.97
ORD2221,8/30/2024,CUST1063,Occasional,Munich,PROD5,1,229.95,229.95,0,0,229.95
ORD2222,8/31/2024,CUST1000,Loyal,Munich,PROD17,5,203.95,1019.75,0,0,1019.75
ORD2223,9/1/2024,CUST1072,Occasional,Berlin,PROD11,5,155.95,779.75,0,0,779.75
ORD2224,9/2/2024,CUST1030,Occasional,Munich,PROD1,3,1164.99,3494.97,0,0,3494.97
ORD2225,9/2/2024,CUST1097,Occasional,Munich,PROD18,4,297.95,1191.8,0,0,1191.8
ORD2226,9/3/2024,CUST1078,Loyal,Hamburg,PROD9,5,20.99,104.95,0,0,104.95
ORD2227,9/3/2024,CUST1048,Occasional,Frankfurt,PROD3,5,324.95,1624.75,0,0,1624.75
ORD2228,9/3/2024,CUST1041,Loyal,Frankfurt,PROD9,1,20.99,20.99,0,0,20.99
ORD2229,9/3/2024,CUST1031,Loyal,Frankfurt,PROD17,3,203.95,611.85,10,61.18,550.67
ORD2230,9/4/2024,CUST1095,Occasional,Munich,PROD3,2,324.95,649.9,0,0,649.9
ORD2231,9/5/2024,CUST1064,Loyal,Cologne,PROD6,4,56.99,227.96,0,0,227.96
ORD2232,9/5/2024,CUST1054,Occasional,Munich,PROD2,2,699.95,1399.9,0,0,1399.9
ORD2233,9/6/2024,CUST1023,Occasional,Hamburg,PROD4,3,137.95,413.85,0,0,413.85
ORD2234,9/6/2024,CUST1000,Loyal,Berlin,PROD4,1,137.95,137.95,0,0,137.95
ORD2235,9/6/2024,CUST1042,Loyal,Hamburg,PROD15,1,46.95,46.95,0,0,46.95
ORD2236,9/7/2024,CUST1044,Occasional,Hamburg,PROD11,5,155.95,779.75,0,0,779.75
ORD2237,9/8/2024,CUST1059,Occasional,Frankfurt,PROD12,4,29.99,119.96,0,0,119.96
ORD2238,9/9/2024,CUST1050,Loyal,Berlin,PROD10,2,71.99,143.98,15,21.6,122.38
ORD2239,9/10/2024,CUST1070,Occasional,Cologne,PROD5,2,229.95,459.9,0,0,459.9
ORD2240,9/10/2024,CUST1030,Occasional,Frankfurt,PROD13,1,39.99,39.99,0,0,39.99
ORD2241,9/11/2024,CUST1027,Occasional,Frankfurt,PROD15,4,46.95,187.8,0,0,187.8
ORD2242,9/11/2024,CUST1087,Occasional,Munich,PROD12,3,29.99,89.97,0,0,89.97
ORD2243,9/11/2024,CUST1021,Loyal,Berlin,PROD18,4,297.95,1191.8,0,0,1191.8
ORD2244,9/12/2024,CUST1010,Occasional,Cologne,PROD1,3,1164.99,3494.97,0,0,3494.97
ORD2245,9/13/2024,CUST1053,Occasional,Berlin,PROD11,1,155.95,155.95,0,0,155.95
ORD2246,9/14/2024,CUST1036,Occasional,Frankfurt,PROD8,2,125.95,251.9,0,0,251.9
ORD2247,9/14/2024,CUST1045,Occasional,Berlin,PROD14,1,13.99,13.99,0,0,13.99
ORD2248,9/14/2024,CUST1038,Occasional,Munich,PROD17,2,203.95,407.9,0,0,407.9
ORD2249,9/14/2024,CUST1006,Loyal,Cologne,PROD16,3,116.99,350.97,0,0,350.97
ORD2250,9/14/2024,CUST1064,Loyal,Hamburg,PROD13,1,39.99,39.99,0,0,39.99
ORD2251,9/15/2024,CUST1025,Loyal,Berlin,PROD2,3,699.95,2099.85,5,104.99,1994.86
ORD2252,9/15/2024,CUST1035,Occasional,Hamburg,PROD16,3,116.99,350.97,0,0,350.97
ORD2253,9/16/2024,CUST1022,Loyal,Munich,PROD14,5,13.99,69.95,15,10.49,59.46
ORD2254,9/17/2024,CUST1079,Occasional,Cologne,PROD18,3,297.95,893.85,0,0,893.85
ORD2255,9/17/2024,CUST1089,Loyal,Cologne,PROD9,2,20.99,41.98,15,6.3,35.68
ORD2256,9/17/2024,CUST1005,Occasional,Munich,PROD17,3,203.95,611.85,0,0,611.85
ORD2257,9/17/2024,CUST1060,Occasional,Hamburg,PROD2,1,699.95,699.95,0,0,699.95
ORD2258,9/17/2024,CUST1046,Occasional,Berlin,PROD12,5,29.99,149.95,0,0,149.95
ORD2259,9/17/2024,CUST1063,Loyal,Berlin,PROD14,1,13.99,13.99,0,0,13.99
ORD2260,9/17/2024,CUST1093,Occasional,Berlin,PROD14,2,13.99,27.98,0,0,27.98
ORD2261,9/17/2024,CUST1056,Loyal,Frankfurt,PROD9,2,20.99,41.98,15,6.3,35.68
ORD2262,9/17/2024,CUST1022,Occasional,Berlin,PROD6,3,56.99,170.97,0,0,170.97
ORD2263,9/18/2024,CUST1019,Occasional,Frankfurt,PROD3,3,324.95,974.85,0,0,974.85
ORD2264,9/18/2024,CUST1051,Loyal,Hamburg,PROD12,1,29.99,29.99,10,3,26.99
ORD2265,9/18/2024,CUST1061,Occasional,Munich,PROD3,5,324.95,1624.75,0,0,1624.75
ORD2266,9/19/2024,CUST1006,Occasional,Berlin,PROD9,5,20.99,104.95,0,0,104.95
ORD2267,9/20/2024,CUST1065,Occasional,Hamburg,PROD17,2,203.95,407.9,0,0,407.9
ORD2268,9/20/2024,CUST1068,Loyal,Hamburg,PROD3,1,324.95,324.95,10,32.49,292.46
ORD2269,9/21/2024,CUST1087,Occasional,Frankfurt,PROD12,3,29.99,89.97,0,0,89.97
ORD2270,9/21/2024,CUST1008,Occasional,Hamburg,PROD2,2,699.95,1399.9,0,0,1399.9
ORD2271,9/22/2024,CUST1000,Loyal,Munich,PROD15,3,46.95,140.85,5,7.04,133.81
ORD2272,9/23/2024,CUST1063,Occasional,Berlin,PROD16,2,116.99,233.98,0,0,233.98
ORD2273,9/23/2024,CUST1050,Occasional,Frankfurt,PROD16,3,116.99,350.97,0,0,350.97
ORD2274,9/24/2024,CUST1031,Occasional,Munich,PROD15,3,46.95,140.85,0,0,140.85
ORD2275,9/25/2024,CUST1001,Occasional,Cologne,PROD7,2,21.95,43.9,0,0,43.9
ORD2276,9/25/2024,CUST1089,Loyal,Munich,PROD14,2,13.99,27.98,5,1.4,26.58
ORD2277,9/26/2024,CUST1054,Occasional,Cologne,PROD16,3,116.99,350.97,0,0,350.97
ORD2278,9/27/2024,CUST1082,Loyal,Cologne,PROD8,3,125.95,377.85,0,0,377.85
ORD2279,9/28/2024,CUST1017,Occasional,Munich,PROD11,3,155.95,467.85,0,0,467.85
ORD2280,9/29/2024,CUST1005,Occasional,Cologne,PROD16,2,116.99,233.98,0,0,233.98
ORD2281,9/30/2024,CUST1049,Occasional,Berlin,PROD12,3,29.99,89.97,0,0,89.97
ORD2282,9/30/2024,CUST1004,Occasional,Cologne,PROD4,5,137.95,689.75,0,0,689.75
ORD2283,10/1/2024,CUST1039,Loyal,Frankfurt,PROD3,5,324.95,1624.75,0,0,1624.75
ORD2284,10/1/2024,CUST1031,Loyal,Hamburg,PROD11,3,155.95,467.85,0,0,467.85
ORD2285,10/2/2024,CUST1000,Loyal,Cologne,PROD13,5,39.99,199.95,0,0,199.95
ORD2286,10/3/2024,CUST1006,Occasional,Cologne,PROD14,1,13.99,13.99,0,0,13.99
ORD2287,10/3/2024,CUST1026,Occasional,Frankfurt,PROD9,4,20.99,83.96,0,0,83.96
ORD2288,10/4/2024,CUST1074,Occasional,Cologne,PROD17,3,203.95,611.85,0,0,611.85
ORD2289,10/5/2024,CUST1013,Occasional,Hamburg,PROD17,3,203.95,611.85,0,0,611.85
ORD2290,10/5/2024,CUST1030,Occasional,Munich,PROD10,1,71.99,71.99,0,0,71.99
ORD2291,10/6/2024,CUST1036,Occasional,Frankfurt,PROD3,5,324.95,1624.75,0,0,1624.75
ORD2292,10/6/2024,CUST1079,Occasional,Hamburg,PROD16,3,116.99,350.97,0,0,350.97
ORD2293,10/6/2024,CUST1028,Occasional,Hamburg,PROD13,3,39.99,119.97,0,0,119.97
ORD2294,10/6/2024,CUST1000,Occasional,Munich,PROD7,4,21.95,87.8,0,0,87.8
ORD2295,10/7/2024,CUST1098,Occasional,Munich,PROD18,4,297.95,1191.8,0,0,1191.8
ORD2296,10/8/2024,CUST1055,Occasional,Frankfurt,PROD4,1,137.95,137.95,0,0,137.95
ORD2297,10/8/2024,CUST1073,Occasional,Cologne,PROD18,1,297.95,297.95,0,0,297.95
ORD2298,10/8/2024,CUST1058,Loyal,Berlin,PROD4,4,137.95,551.8,0,0,551.8
ORD2299,10/9/2024,CUST1076,Occasional,Hamburg,PROD10,3,71.99,215.97,0,0,215.97
ORD2300,10/10/2024,CUST1068,Occasional,Hamburg,PROD9,1,20.99,20.99,0,0,20.99
ORD2301,10/10/2024,CUST1086,Occasional,Cologne,PROD4,3,137.95,413.85,0,0,413.85
ORD2302,10/11/2024,CUST1069,Loyal,Munich,PROD7,3,21.95,65.85,0,0,65.85
ORD2303,10/11/2024,CUST1024,Occasional,Cologne,PROD17,3,203.95,611.85,0,0,611.85
ORD2304,10/11/2024,CUST1006,Occasional,Frankfurt,PROD13,1,39.99,39.99,0,0,39.99
ORD2305,10/12/2024,CUST1093,Occasional,Cologne,PROD17,5,203.95,1019.75,0,0,1019.75
ORD2306,10/13/2024,CUST1005,Occasional,Cologne,PROD14,2,13.99,27.98,0,0,27.98
ORD2307,10/14/2024,CUST1062,Loyal,Frankfurt,PROD5,2,229.95,459.9,10,45.99,413.91
ORD2308,10/15/2024,CUST1068,Loyal,Cologne,PROD8,4,125.95,503.8,0,0,503.8
ORD2309,10/16/2024,CUST1078,Occasional,Hamburg,PROD10,3,71.99,215.97,0,0,215.97
ORD2310,10/16/2024,CUST1024,Loyal,Hamburg,PROD10,2,71.99,143.98,0,0,143.98
ORD2311,10/17/2024,CUST1096,Loyal,Munich,PROD12,2,29.99,59.98,5,3,56.98
ORD2312,10/18/2024,CUST1004,Loyal,Munich,PROD12,5,29.99,149.95,0,0,149.95
ORD2313,10/18/2024,CUST1096,Loyal,Cologne,PROD7,4,21.95,87.8,0,0,87.8
ORD2314,10/19/2024,CUST1034,Loyal,Hamburg,PROD15,1,46.95,46.95,0,0,46.95
ORD2315,10/19/2024,CUST1059,Occasional,Hamburg,PROD15,1,46.95,46.95,0,0,46.95
ORD2316,10/19/2024,CUST1063,Occasional,Cologne,PROD5,2,229.95,459.9,0,0,459.9
ORD2317,10/19/2024,CUST1024,Occasional,Hamburg,PROD15,1,46.95,46.95,0,0,46.95
ORD2318,10/19/2024,CUST1045,Occasional,Munich,PROD14,2,13.99,27.98,0,0,27.98
ORD2319,10/19/2024,CUST1076,Occasional,Frankfurt,PROD11,1,155.95,155.95,0,0,155.95
ORD2320,10/20/2024,CUST1063,Occasional,Munich,PROD12,2,29.99,59.98,0,0,59.98
ORD2321,10/20/2024,CUST1031,Occasional,Munich,PROD15,2,46.95,93.9,0,0,93.9
ORD2322,10/20/2024,CUST1053,Loyal,Cologne,PROD16,3,116.99,350.97,5,17.55,333.42
ORD2323,10/20/2024,CUST1013,Occasional,Cologne,PROD7,5,21.95,109.75,0,0,109.75
ORD2324,10/21/2024,CUST1026,Occasional,Frankfurt,PROD17,5,203.95,1019.75,0,0,1019.75
ORD2325,10/22/2024,CUST1044,Loyal,Munich,PROD6,2,56.99,113.98,0,0,113.98
ORD2326,10/23/2024,CUST1052,Occasional,Berlin,PROD12,2,29.99,59.98,0,0,59.98
ORD2327,10/23/2024,CUST1016,Loyal,Cologne,PROD13,1,39.99,39.99,0,0,39.99
ORD2328,10/24/2024,CUST1029,Occasional,Hamburg,PROD1,1,1164.99,1164.99,0,0,1164.99
ORD2329,10/24/2024,CUST1061,Occasional,Hamburg,PROD8,2,125.95,251.9,0,0,251.9
ORD2330,10/24/2024,CUST1036,Occasional,Munich,PROD14,2,13.99,27.98,0,0,27.98
ORD2331,10/25/2024,CUST1031,Occasional,Hamburg,PROD10,4,71.99,287.96,0,0,287.96
ORD2332,10/26/2024,CUST1030,Occasional,Hamburg,PROD7,5,21.95,109.75,0,0,109.75
ORD2333,10/26/2024,CUST1014,Occasional,Frankfurt,PROD3,5,324.95,1624.75,0,0,1624.75
ORD2334,10/27/2024,CUST1035,Loyal,Berlin,PROD2,5,699.95,3499.75,10,349.98,3149.77
ORD2335,10/27/2024,CUST1010,Occasional,Frankfurt,PROD1,1,1164.99,1164.99,0,0,1164.99
ORD2336,10/27/2024,CUST1048,Occasional,Cologne,PROD7,5,21.95,109.75,0,0,109.75
ORD2337,10/27/2024,CUST1057,Occasional,Munich,PROD4,1,137.95,137.95,0,0,137.95
ORD2338,10/28/2024,CUST1003,Occasional,Berlin,PROD18,2,297.95,595.9,0,0,595.9
ORD2339,10/29/2024,CUST1071,Occasional,Munich,PROD9,1,20.99,20.99,0,0,20.99
ORD2340,10/29/2024,CUST1007,Occasional,Frankfurt,PROD11,1,155.95,155.95,0,0,155.95
ORD2341,10/29/2024,CUST1066,Occasional,Munich,PROD18,1,297.95,297.95,0,0,297.95
ORD2342,10/29/2024,CUST1074,Occasional,Cologne,PROD12,5,29.99,149.95,0,0,149.95
ORD2343,10/29/2024,CUST1086,Loyal,Munich,PROD8,1,125.95,125.95,10,12.6,113.35
ORD2344,10/30/2024,CUST1034,Occasional,Munich,PROD1,5,1164.99,5824.95,0,0,5824.95
ORD2345,10/31/2024,CUST1094,Loyal,Munich,PROD15,5,46.95,234.75,10,23.48,211.27
ORD2346,10/31/2024,CUST1038,Occasional,Munich,PROD11,4,155.95,623.8,0,0,623.8
ORD2347,10/31/2024,CUST1070,Occasional,Munich,PROD12,2,29.99,59.98,0,0,59.98
ORD2348,11/1/2024,CUST1018,Occasional,Munich,PROD7,3,21.95,65.85,0,0,65.85
ORD2349,11/2/2024,CUST1054,Occasional,Munich,PROD8,4,125.95,503.8,0,0,503.8
ORD2350,11/2/2024,CUST1097,Loyal,Berlin,PROD4,5,137.95,689.75,15,103.46,586.29
ORD2351,11/2/2024,CUST1050,Occasional,Munich,PROD11,2,155.95,311.9,0,0,311.9
ORD2352,11/2/2024,CUST1070,Loyal,Munich,PROD13,4,39.99,159.96,0,0,159.96
ORD2353,11/3/2024,CUST1027,Occasional,Berlin,PROD8,1,125.95,125.95,0,0,125.95
ORD2354,11/4/2024,CUST1023,Loyal,Hamburg,PROD18,1,297.95,297.95,10,29.8,268.15
ORD2355,11/4/2024,CUST1083,Occasional,Munich,PROD12,3,29.99,89.97,0,0,89.97
ORD2356,11/5/2024,CUST1014,Occasional,Munich,PROD15,4,46.95,187.8,0,0,187.8
ORD2357,11/6/2024,CUST1074,Occasional,Hamburg,PROD10,5,71.99,359.95,0,0,359.95
ORD2358,11/6/2024,CUST1059,Occasional,Frankfurt,PROD12,2,29.99,59.98,0,0,59.98
ORD2359,11/7/2024,CUST1038,Loyal,Frankfurt,PROD16,2,116.99,233.98,15,35.1,198.88
ORD2360,11/7/2024,CUST1025,Occasional,Frankfurt,PROD7,5,21.95,109.75,0,0,109.75
ORD2361,11/8/2024,CUST1053,Occasional,Berlin,PROD1,3,1164.99,3494.97,0,0,3494.97
ORD2362,11/8/2024,CUST1012,Occasional,Hamburg,PROD9,4,20.99,83.96,0,0,83.96
ORD2363,11/8/2024,CUST1024,Loyal,Hamburg,PROD1,3,1164.99,3494.97,0,0,3494.97
ORD2364,11/8/2024,CUST1006,Occasional,Frankfurt,PROD7,2,21.95,43.9,0,0,43.9
ORD2365,11/8/2024,CUST1097,Occasional,Hamburg,PROD9,1,20.99,20.99,0,0,20.99
ORD2366,11/8/2024,CUST1070,Occasional,Cologne,PROD11,3,155.95,467.85,0,0,467.85
ORD2367,11/9/2024,CUST1087,Occasional,Berlin,PROD3,4,324.95,1299.8,0,0,1299.8
ORD2368,11/10/2024,CUST1035,Occasional,Munich,PROD2,2,699.95,1399.9,0,0,1399.9
ORD2369,11/10/2024,CUST1082,Loyal,Munich,PROD15,2,46.95,93.9,0,0,93.9
ORD2370,11/11/2024,CUST1023,Occasional,Cologne,PROD18,3,297.95,893.85,0,0,893.85
ORD2371,11/12/2024,CUST1030,Occasional,Hamburg,PROD11,3,155.95,467.85,0,0,467.85
ORD2372,11/13/2024,CUST1021,Occasional,Munich,PROD18,1,297.95,297.95,0,0,297.95
ORD2373,11/14/2024,CUST1082,Occasional,Munich,PROD1,5,1164.99,5824.95,0,0,5824.95
ORD2374,11/15/2024,CUST1038,Occasional,Frankfurt,PROD6,2,56.99,113.98,0,0,113.98
ORD2375,11/15/2024,CUST1093,Occasional,Munich,PROD13,4,39.99,159.96,0,0,159.96
ORD2376,11/15/2024,CUST1018,Occasional,Berlin,PROD18,2,297.95,595.9,0,0,595.9
ORD2377,11/15/2024,CUST1099,Occasional,Berlin,PROD8,1,125.95,125.95,0,0,125.95
ORD2378,11/16/2024,CUST1072,Loyal,Berlin,PROD14,2,13.99,27.98,5,1.4,26.58
ORD2379,11/17/2024,CUST1052,Occasional,Hamburg,PROD15,3,46.95,140.85,0,0,140.85
ORD2380,11/17/2024,CUST1082,Occasional,Berlin,PROD17,3,203.95,611.85,0,0,611.85
ORD2381,11/18/2024,CUST1076,Occasional,Munich,PROD6,2,56.99,113.98,0,0,113.98
ORD2382,11/18/2024,CUST1097,Occasional,Cologne,PROD9,3,20.99,62.97,0,0,62.97
ORD2383,11/19/2024,CUST1021,Loyal,Frankfurt,PROD1,5,1164.99,5824.95,10,582.5,5242.45
ORD2384,11/20/2024,CUST1096,Occasional,Frankfurt,PROD10,1,71.99,71.99,0,0,71.99
ORD2385,11/20/2024,CUST1059,Occasional,Frankfurt,PROD10,2,71.99,143.98,0,0,143.98
ORD2386,11/20/2024,CUST1061,Occasional,Munich,PROD10,3,71.99,215.97,0,0,215.97
ORD2387,11/21/2024,CUST1029,Occasional,Berlin,PROD5,5,229.95,1149.75,0,0,1149.75
ORD2388,11/21/2024,CUST1060,Occasional,Munich,PROD4,2,137.95,275.9,0,0,275.9
ORD2389,11/21/2024,CUST1068,Loyal,Hamburg,PROD11,1,155.95,155.95,0,0,155.95
ORD2390,11/21/2024,CUST1048,Occasional,Cologne,PROD8,1,125.95,125.95,0,0,125.95
ORD2391,11/22/2024,CUST1095,Occasional,Berlin,PROD5,1,229.95,229.95,0,0,229.95
ORD2392,11/22/2024,CUST1040,Loyal,Frankfurt,PROD8,2,125.95,251.9,5,12.6,239.3
ORD2393,11/22/2024,CUST1074,Occasional,Berlin,PROD1,5,1164.99,5824.95,0,0,5824.95
ORD2394,11/23/2024,CUST1086,Occasional,Munich,PROD5,1,229.95,229.95,0,0,229.95
ORD2395,11/23/2024,CUST1040,Loyal,Cologne,PROD4,1,137.95,137.95,5,6.9,131.05
ORD2396,11/23/2024,CUST1088,Occasional,Berlin,PROD6,4,56.99,227.96,0,0,227.96
ORD2397,11/23/2024,CUST1095,Occasional,Munich,PROD9,4,20.99,83.96,0,0,83.96
ORD2398,11/24/2024,CUST1004,Occasional,Hamburg,PROD6,5,56.99,284.95,0,0,284.95
ORD2399,11/24/2024,CUST1055,Loyal,Frankfurt,PROD13,4,39.99,159.96,10,16,143.96
ORD2400,11/25/2024,CUST1002,Occasional,Cologne,PROD4,1,137.95,137.95,0,0,137.95
ORD2401,11/26/2024,CUST1028,Occasional,Munich,PROD9,3,20.99,62.97,0,0,62.97
ORD2402,11/27/2024,CUST1015,Occasional,Frankfurt,PROD15,2,46.95,93.9,0,0,93.9
ORD2403,11/28/2024,CUST1000,Occasional,Hamburg,PROD17,2,203.95,407.9,0,0,407.9
ORD2404,11/28/2024,CUST1017,Occasional,Munich,PROD18,3,297.95,893.85,0,0,893.85
ORD2405,11/29/2024,CUST1053,Occasional,Cologne,PROD11,1,155.95,155.95,0,0,155.95
ORD2406,11/29/2024,CUST1030,Occasional,Berlin,PROD11,3,155.95,467.85,0,0,467.85
ORD2407,11/30/2024,CUST1045,Occasional,Berlin,PROD9,2,20.99,41.98,0,0,41.98
ORD2408,12/1/2024,CUST1045,Occasional,Frankfurt,PROD5,2,229.95,459.9,0,0,459.9
ORD2409,12/1/2024,CUST1086,Occasional,Hamburg,PROD2,2,699.95,1399.9,0,0,1399.9
ORD2410,12/1/2024,CUST1097,Occasional,Cologne,PROD1,5,1164.99,5824.95,0,0,5824.95
ORD2411,12/2/2024,CUST1062,Loyal,Frankfurt,PROD3,1,324.95,324.95,10,32.49,292.46
ORD2412,12/3/2024,CUST1026,Occasional,Frankfurt,PROD15,5,46.95,234.75,0,0,234.75
ORD2413,12/4/2024,CUST1092,Occasional,Cologne,PROD18,5,297.95,1489.75,0,0,1489.75
ORD2414,12/4/2024,CUST1078,Occasional,Cologne,PROD9,5,20.99,104.95,0,0,104.95
ORD2415,12/5/2024,CUST1057,Occasional,Frankfurt,PROD7,3,21.95,65.85,0,0,65.85
ORD2416,12/5/2024,CUST1059,Occasional,Munich,PROD9,2,20.99,41.98,0,0,41.98
ORD2417,12/6/2024,CUST1023,Loyal,Cologne,PROD1,1,1164.99,1164.99,15,174.75,990.24
ORD2418,12/6/2024,CUST1087,Loyal,Frankfurt,PROD1,3,1164.99,3494.97,10,349.5,3145.47
ORD2419,12/6/2024,CUST1045,Loyal,Frankfurt,PROD3,1,324.95,324.95,0,0,324.95
ORD2420,12/6/2024,CUST1065,Occasional,Munich,PROD3,1,324.95,324.95,0,0,324.95
ORD2421,12/7/2024,CUST1072,Occasional,Munich,PROD11,5,155.95,779.75,0,0,779.75
ORD2422,12/7/2024,CUST1079,Occasional,Cologne,PROD2,1,699.95,699.95,0,0,699.95
ORD2423,12/7/2024,CUST1090,Occasional,Cologne,PROD14,5,13.99,69.95,0,0,69.95
ORD2424,12/7/2024,CUST1007,Occasional,Cologne,PROD11,5,155.95,779.75,0,0,779.75
ORD2425,12/7/2024,CUST1027,Loyal,Cologne,PROD3,2,324.95,649.9,5,32.49,617.41
ORD2426,12/7/2024,CUST1026,Occasional,Frankfurt,PROD16,3,116.99,350.97,0,0,350.97
ORD2427,12/8/2024,CUST1048,Occasional,Frankfurt,PROD14,2,13.99,27.98,0,0,27.98
ORD2428,12/9/2024,CUST1088,Occasional,Cologne,PROD3,2,324.95,649.9,0,0,649.9
ORD2429,12/9/2024,CUST1023,Occasional,Frankfurt,PROD9,1,20.99,20.99,0,0,20.99
ORD2430,12/9/2024,CUST1055,Loyal,Hamburg,PROD15,1,46.95,46.95,15,7.04,39.91
ORD2431,12/10/2024,CUST1015,Loyal,Cologne,PROD17,2,203.95,407.9,0,0,407.9
ORD2432,12/11/2024,CUST1078,Occasional,Frankfurt,PROD10,4,71.99,287.96,0,0,287.96
ORD2433,12/11/2024,CUST1088,Occasional,Cologne,PROD6,5,56.99,284.95,0,0,284.95
ORD2434,12/11/2024,CUST1015,Loyal,Munich,PROD15,2,46.95,93.9,5,4.7,89.2
ORD2435,12/12/2024,CUST1032,Occasional,Hamburg,PROD8,5,125.95,629.75,0,0,629.75
ORD2436,12/12/2024,CUST1042,Occasional,Hamburg,PROD5,1,229.95,229.95,0,0,229.95
ORD2437,12/12/2024,CUST1020,Occasional,Frankfurt,PROD17,4,203.95,815.8,0,0,815.8
ORD2438,12/13/2024,CUST1072,Occasional,Cologne,PROD2,5,699.95,3499.75,0,0,3499.75
ORD2439,12/14/2024,CUST1082,Occasional,Frankfurt,PROD1,5,1164.99,5824.95,0,0,5824.95
ORD2440,12/14/2024,CUST1080,Occasional,Cologne,PROD17,3,203.95,611.85,0,0,611.85
ORD2441,12/15/2024,CUST1032,Occasional,Cologne,PROD8,2,125.95,251.9,0,0,251.9
ORD2442,12/15/2024,CUST1069,Occasional,Munich,PROD9,2,20.99,41.98,0,0,41.98
ORD2443,12/16/2024,CUST1093,Occasional,Berlin,PROD14,1,13.99,13.99,0,0,13.99
ORD2444,12/16/2024,CUST1021,Occasional,Berlin,PROD9,5,20.99,104.95,0,0,104.95
ORD2445,12/16/2024,CUST1030,Occasional,Munich,PROD16,3,116.99,350.97,0,0,350.97
ORD2446,12/16/2024,CUST1007,Loyal,Munich,PROD7,4,21.95,87.8,10,8.78,79.02
ORD2447,12/17/2024,CUST1098,Occasional,Berlin,PROD2,1,699.95,699.95,0,0,699.95
ORD2448,12/18/2024,CUST1046,Occasional,Munich,PROD5,3,229.95,689.85,0,0,689.85
ORD2449,12/19/2024,CUST1036,Occasional,Berlin,PROD2,3,699.95,2099.85,0,0,2099.85
ORD2450,12/20/2024,CUST1054,Occasional,Berlin,PROD2,2,699.95,1399.9,0,0,1399.9
ORD2451,12/21/2024,CUST1036,Loyal,Berlin,PROD9,4,20.99,83.96,5,4.2,79.76
ORD2452,12/22/2024,CUST1043,Occasional,Hamburg,PROD2,3,699.95,2099.85,0,0,2099.85
ORD2453,12/23/2024,CUST1075,Loyal,Frankfurt,PROD7,1,21.95,21.95,0,0,21.95
ORD2454,12/23/2024,CUST1089,Occasional,Munich,PROD18,3,297.95,893.85,0,0,893.85
ORD2455,12/24/2024,CUST1080,Occasional,Munich,PROD4,5,137.95,689.75,0,0,689.75
ORD2456,12/25/2024,CUST1077,Occasional,Berlin,PROD14,2,13.99,27.98,0,0,27.98
ORD2457,12/25/2024,CUST1076,Occasional,Frankfurt,PROD18,3,297.95,893.85,0,0,893.85
ORD2458,12/25/2024,CUST1065,Occasional,Frankfurt,PROD17,3,203.95,611.85,0,0,611.85
ORD2459,12/26/2024,CUST1039,Loyal,Frankfurt,PROD10,1,71.99,71.99,0,0,71.99
ORD2460,12/26/2024,CUST1079,Occasional,Frankfurt,PROD3,2,324.95,649.9,0,0,649.9
ORD2461,12/26/2024,CUST1039,Loyal,Hamburg,PROD4,1,137.95,137.95,0,0,137.95
ORD2462,12/27/2024,CUST1086,Occasional,Hamburg,PROD2,3,699.95,2099.85,0,0,2099.85
ORD2463,12/27/2024,CUST1098,Occasional,Munich,PROD8,3,125.95,377.85,0,0,377.85
ORD2464,12/27/2024,CUST1018,Occasional,Berlin,PROD9,3,20.99,62.97,0,0,62.97
ORD2465,12/28/2024,CUST1069,Occasional,Cologne,PROD16,2,116.99,233.98,0,0,233.98
ORD2466,12/28/2024,CUST1044,Occasional,Berlin,PROD17,2,203.95,407.9,0,0,407.9
ORD2467,12/28/2024,CUST1011,Occasional,Cologne,PROD8,5,125.95,629.75,0,0,629.75
ORD2468,12/28/2024,CUST1028,Loyal,Berlin,PROD17,2,203.95,407.9,0,0,407.9
ORD2469,12/29/2024,CUST1057,Loyal,Cologne,PROD9,5,20.99,104.95,15,15.74,89.21
ORD2470,12/29/2024,CUST1016,Occasional,Cologne,PROD2,3,699.95,2099.85,0,0,2099.85
ORD2471,12/30/2024,CUST1017,Loyal,Hamburg,PROD3,5,324.95,1624.75,10,162.48,1462.27
ORD2472,12/30/2024,CUST1014,Occasional,Munich,PROD15,5,46.95,234.75,0,0,234.75
ORD2473,12/30/2024,CUST1064,Occasional,Berlin,PROD1,1,1164.99,1164.99,0,0,1164.99
ORD2474,12/30/2024,CUST1099,Occasional,Cologne,PROD12,2,29.99,59.98,0,0,59.98
ORD2475,12/30/2024,CUST1084,Occasional,Frankfurt,PROD12,1,29.99,29.99,0,0,29.99
ORD2476,12/31/2024,CUST1055,Occasional,Berlin,PROD10,2,71.99,143.98,0,0,143.98
ORD2477,12/31/2024,CUST1099,Occasional,Cologne,PROD11,2,155.95,311.9,0,0,311.9
